05468;ALEKSANTERINKATU 23;HELSINKI;SUOMALAINEN KIRJAKAUPPA / SISÄKÄYTÄVÄ;60.168718;24.941095
40024;ALEKSANTERINKATU 30;HELSINKI;NORDEA SENAATINTORI;60.168930;24.950720
05183;ALEKSANTERINKATU 52;HELSINKI;STOCKMANN HERKKU;60.167880;24.942500
05184;ALEKSANTERINKATU 52;HELSINKI;STOCKMANN  / YHDYSKÄYTÄVÄ;60.167820;24.942850
05447;ALEKSANTERINKATU 52;HELSINKI;STOCKMANN / 8. KERROS;60.168430;24.941870
05175;ELIELINAUKIO 3;HELSINKI;NORDEA RAUTATIEASEMA;60.171370;24.940230
05503;KAISANIEMENKATU 5;HELSINKI;METRO KAISANIEMI LIPPUHALLI;60.171250;24.947390
05504;KAISANIEMENKATU 5;HELSINKI;METRO KAISANIEMI LIPPUHALLI;60.171250;24.947410
03715;KAIVOKATU 1;HELSINKI;RAUTATIEASEMA;60.171000;24.941670
04614;KAIVOKATU 1;HELSINKI;RAUTATIEASEMA;60.171050;24.941670
04615;KAIVOKATU 1;HELSINKI;RAUTATIEASEMA;60.171090;24.941670
40010;KAIVOKATU 6;HELSINKI;DANSKE KAIVOKATU;60.170270;24.942270
04862;KAMPINKUJA 1;HELSINKI;METROASEMA KAMPPI;60.168530;24.929880
04863;KAMPINKUJA 1;HELSINKI;METROASEMA KAMPPI;60.168500;24.929800
04490;MANNERHEIMINTIE 14;HELSINKI;AKTIA KOLME SEPPÄÄ;60.168410;24.940238
05455;MANNERHEIMINTIE 20;HELSINKI;FORUM 2. KERROS;60.169780;24.938400
05497;MANNERHEIMINTIE 20;HELSINKI;FORUM / YHDYSKÄYTÄVÄ;60.169410;24.938240
40023;MANNERHEIMINTIE 20 A;HELSINKI;FORUM 3. KERROS;60.168850;24.938180
40013;MANNERHEIMINTIE 7;HELSINKI;NORDEA KESKUSTA;60.169650;24.939340
05540;MANNERHEIMINTIE 9;HELSINKI;S-MARKET SOKOS;60.170400;24.938240
04209;MIKONKATU 13;HELSINKI;OP MIKONKATU;60.170580;24.945510
40011;MIKONKATU 13;HELSINKI;OP MIKONKATU;60.170400;24.945720
05551;MIKONKATU 19;HELSINKI;CASINO HELSINKI;60.171710;24.946230
05653;MIKONKATU 19;HELSINKI;CASINO HELSINKI;60.171880;24.945980
05926;MIKONKATU 7;HELSINKI;INTERSPORT MEGASTORE;60.169700;24.946020
04807;MUSEOKATU 40;HELSINKI;NORDEA TÖÖLÖ;60.175270;24.921470
04588;POSTIKATU 1;HELSINKI;POSTITALO;60.171027;24.938357
04891;SALOMONKATU 13;HELSINKI;GRANIITTITALO KAMPPI;60.169590;24.931970
04586;SIMONKATU 8;HELSINKI;SIMONAUKIO;60.169023;24.936448
05601;URHO KEKKOSEN KATU 1;HELSINKI;KAMPPI / E - TASO;60.168920;24.932580
05602;URHO KEKKOSEN KATU 1;HELSINKI;KAMPPI / E - TASO;60.168870;24.932670
05603;URHO KEKKOSEN KATU 1;HELSINKI;KAMPPI / E - TASO;60.168790;24.932760
40190;BULEVARDI 5;HELSINKI;OP BULEVARDI;60.165190;24.939130
05799;HIETALAHDENRANTA 7;HELSINKI;S-MARKET BULEVARDI;60.161058;24.929899
04654;ISO ROOBERTINKATU 20 - 22;HELSINKI;K-MARKET ROBERT;60.163167;24.941470
04764;KAPTEENINKATU 24;HELSINKI;HUONEISTOKESKUS;60.158572;24.945957
04712;PERÄMIEHENKATU 10;HELSINKI;ALEPA PERÄMIEHENKATU;60.158717;24.934486
05581;KATAJANOKAN TERMINAALI;HELSINKI;KATAJANOKAN TERMINAALI K-8;60.163670;24.968110
04323;LIISANKATU 18;HELSINKI;LIIKETILA;60.174050;24.953620
05914;ITÄMERENKATU 14;HELSINKI;METROASEMA RUOHOLAHTI;60.163210;24.914850
05637;ITÄMERENKATU 21;HELSINKI;K-CITYMARKET RUOHOLAHTI;60.163600;24.910560
40102;ITÄMERENKATU 21;HELSINKI;RUOHOLAHTI;60.163570;24.910810
05463;ITÄMERENTORI 2;HELSINKI;S-MARKET RUOHOLAHTI;60.163734;24.914050
05467;LAUTTASAARENTIE 28;HELSINKI;KAUPPAKESKUS LAUTTIS / S-MARKET LAUTTASAARI;60.160300;24.881660
05573;TYYNENMERENKATU 8;HELSINKI;LÄNSITERMINAALI;60.154440;24.921130
05574;TYYNENMERENKATU 8;HELSINKI;LÄNSITERMINAALI;60.154470;24.921160
05735;ESTERINPORTTI 2;HELSINKI;K-MARKET RATIS;60.197321;24.928256
05803;MANNERHEIMINTIE 76;HELSINKI;ALEPA KISAHALLI;60.184873;24.922186
05770;MANNERHEIMINTIE 58;HELSINKI;R-KIOSKI;60.181805;24.926814
40179;SANDELSINKATU 6;HELSINKI;TÖÖLÖNTORI;60.178710;24.923240
04639;TUKHOLMANKATU 11;HELSINKI;R-KIOSKI MEILAHTI;60.191370;24.906945
05448;HAARTMANINKATU 4;HELSINKI;HYKS / AULA;60.190770;24.907230
05781;MANNERHEIMINTIE 160;HELSINKI;K-MARKET FORTUNA;60.197500;24.900260
04877;MANNERHEIMINTIE 168;HELSINKI;VVO ASUNTOMYYMÄLÄ;60.202690;24.898880
04440;TUNNELITIE 5;HELSINKI;K-SUPERMARKET HAAGA;60.217136;24.899781
40178;MUNKKINIEMEN PUISTOTIE 14;HELSINKI;NORDEA MUNKKINIEMI;60.197340;24.879300
05506;RAUMANTIE 1;HELSINKI;MUNKKIVUOREN OSTOSKESKUS;60.205698;24.877714
04225;KONALANTIE 6;HELSINKI;K-MARKET REIMARLA;60.226290;24.853900
04078;TAKOMOTIE 33;HELSINKI;S-MARKET PITÄJÄNMÄKI;60.217511;24.869753
40193;AJOMIEHENTIE 1;HELSINKI;RISTIKKO;60.238925;24.851237
05728;HANKASUONTIE 2;HELSINKI;S-MARKET KONALA;60.245310;24.845900
04827;NÄYTTELIJÄNTIE 14;HELSINKI;ALEPA POHJOIS-HAAGA;60.229503;24.895261
05597;PUUSTELLINKUJA 2;HELSINKI;ALEPA MALMINKARTANO;60.247470;24.859090
04793;KANTELETTARENTIE 1;HELSINKI;KAARI;60.236690;24.890420
05502;KANTELETTARENTIE 1;HELSINKI;KAARI / INFO;60.237170;24.894780
40038;KANTELETTARENTIE 1;HELSINKI;KAARI;60.236860;24.892190
05740;SITRATORI 5;HELSINKI;LIIKETILA;60.239250;24.875340
04280;VANHAISTENTIE 1;HELSINKI;R-KIOSKI / KANNELMÄEN OSTOSKESKUS;60.241828;24.885100
05797;HOPEATIE 2;HELSINKI;S-MARKET LASSILA;60.230080;24.882850
40008;KAUPINTIE 3;HELSINKI;LIIKETILA;60.232840;24.886270
03721;HELSINGINKATU 1;HELSINKI;HELSINGIN PANTTI;60.187810;24.960100
05730;HELSINGINKATU 1;HELSINKI;METROASEMA SÖRNÄINEN;60.187990;24.961570
04498;HELSINGINKATU 19;HELSINKI;HURSTIN VALINTA;60.187140;24.953520
04368;HÄMEENTIE 31;HELSINKI;MUSTI JA MIRRI;60.187802;24.963071
40174;ALEKSIS KIVEN KATU 11;HELSINKI;S-MARKET VALLILA;60.189810;24.952320
04868;KOTKANKATU 5;HELSINKI;ALEPA KOTKANKATU;60.191666;24.942561
05953;LÄNTINEN BRAHENKATU 2;HELSINKI;R-KIOSKI URHEILUTALO;60.186823;24.948244
04131;TIVOLIKUJA 1;HELSINKI;LINNANMÄEN HUVIPUISTO/PORTTI;60.189840;24.939566
05658;RATAPIHANTIE 6;HELSINKI;RAUTATIEASEMA PASILA / ASEMAHALLI;60.198490;24.934600
05685;RATAPIHANTIE 6;HELSINKI;RAUTATIEASEMA PASILA  / ASEMAHALLI;60.198470;24.934610
05686;RATAPIHANTIE 6;HELSINKI;RAUTATIEASEMA PASILA / ASEMAHALLI;60.198430;24.934610
04450;RAUTATIELÄISENKATU 3;HELSINKI;MESSUKESKUS;60.202550;24.935760
05568;RAUTATIELÄISENKATU 3;HELSINKI;MESSUKESKUS / GALLERIA;60.203110;24.935630
04453;HAKANIEMENRANTA 1;HELSINKI;OP HAKANIEMI;60.178020;24.950830
40017;HAKANIEMENRANTA 1;HELSINKI;OP HAKANIEMI;60.178130;24.951130
04885;SILTASAARENKATU 12;HELSINKI;NORDEA HAKANIEMI;60.178810;24.949730
40154;SILTASAARENKATU 12;HELSINKI;NORDEA HAKANIEMI;60.178810;24.949600
05687;SILTASAARENKATU 18-20;HELSINKI;S-MARKET YMPYRÄTALO;60.180210;24.949290
04461;SILTASAARENKATU 6;HELSINKI;SOKOS HAKANIEMI;60.177744;24.949774
05949;VIIDES LINJA 10;HELSINKI;R-KIOSKI 5 LINJA;60.183331;24.952853
04395;HÄMEENTIE 92;HELSINKI;LIIKETILA;60.196160;24.962280
05798;MÄKELÄNKATU 31;HELSINKI;KING KEBAB;60.194991;24.956648
05625;HÄMEENTIE 111;HELSINKI;ARABIA;60.202770;24.967760
05626;HÄMEENTIE 111;HELSINKI;ARABIA;60.202770;24.967790
05585;KYÖSTI KALLION TIE 2;HELSINKI;ALEPA KULOSAARI;60.186150;25.007660
05813;KÄPYLÄNTIE 8;HELSINKI;K-MARKET MASURKKA;60.216203;24.958658
05842;POHJOLANKATU 43;HELSINKI;ALEPA POHJOLANKATU (KÄPYLÄ);60.216540;24.953470
05913;MÄKITORPANTIE 1;HELSINKI;K-SUPERMARKET MUSTA PEKKA;60.222292;24.947312
05756;PAKILANTIE 8 A;HELSINKI;S-MARKET MAUNULA;60.230928;24.935065
40005;KYLÄNVANHIMMANTIE 29;HELSINKI;OP OULUNKYLÄ;60.228750;24.963570
05884;MÄKITORPANTIE 37;HELSINKI;OGELI;60.228757;24.962583
04824;PAKILANTIE 95;HELSINKI;ALEPA PALOHEINÄ;60.247680;24.922770
04079;TORPPARINMÄENTIE 1;HELSINKI;S-MARKET TORPPARINMÄKI;60.257142;24.945435
05461;ALA - MALMIN TORI 5;HELSINKI;MALMIN NOVA 1. KERROS;60.250911;25.012896
04874;MALMIN KAUPPATIE 18;HELSINKI;NORDEA MALMI;60.252080;25.008880
05885;MALMIN KAUPPATIE 18;HELSINKI;MALMINTORI;60.252240;25.010140
40014;MALMIN KAUPPATIE 18;HELSINKI;OP MALMI;60.251980;25.010680
05616;MALMINKAARI 17;HELSINKI;K-CITYMARKET MALMI;60.251977;25.013398
05146;MERIPIHKATIE 1;HELSINKI;PIHLAJAMÄEN LIIKETALO;60.233010;25.011740
04834;SALPAUSSELÄNTIE 11;HELSINKI;LIIKETILA;60.231200;25.000470
04436;SÄTERINTIE 2;HELSINKI;ALEPA PUKINMÄKI;60.243419;24.993912
04281;KOTINUMMENTIE 68;HELSINKI;ALEPA TAPANINKYLÄ;60.267320;25.014500
04311;JOUSIMIEHENTIE 3;HELSINKI;K-MARKET KAVALJEERI;60.274443;24.989286
04251;MAATULLINAUKIO 1;HELSINKI;K-MARKET TAPULI;60.275030;25.034451
04835;PUISTOLANTORI 1;HELSINKI;K-MARKET PUISTORI;60.274594;25.045209
05683;HUOKOTIE 1;HELSINKI;S-MARKET JAKOMÄKI;60.261707;25.075437
04826;JAKOMÄENKUJA 4;HELSINKI;R-KIOSKI JAKOMÄKI;60.261225;25.075265
04609;KIRKONKYLÄNTIE 34;HELSINKI;S-MARKET MALMI;60.256630;24.998570
04657;LATOKARTANONKAARI 23;HELSINKI;VALINTATALO VIIKKI;60.233822;25.030959
05934;VIIKINTORI 3;HELSINKI;PRISMA VIIKKI;60.227334;25.009453
04670;KETTUTIE 2;HELSINKI;ALEPA HERTTONIEMI;60.204710;25.034480
05902;HIIHTOMÄENTIE 17;HELSINKI;METROASEMA HERTTONIEMI;60.195179;25.030784
05460;HIIHTÄJÄNTIE 2;HELSINKI;K-SUPERMARKET HERTTA;60.194596;25.028114
05731;HITSAAJANKATU 16;HELSINKI;S-MARKET HERTTONIEMI;60.193135;25.031501
05801;INSINÖÖRINKATU 2;HELSINKI;MEGAHERTSI;60.193702;25.034117
05732;ROIHUVUORENTIE 26;HELSINKI;ALEPA ROIHUVUORI;60.202158;25.059541
03726;YLISKYLÄNTIE 3;HELSINKI;K-SUPERMARKET LAAJASALO;60.180850;25.052553
05898;KORSHOLMANTIE 2;HELSINKI;ALEPA PUOTINHARJU;60.214320;25.083264
05593;VANHANLINNANTIE  3;HELSINKI;PRISMA ITÄKESKUS;60.213890;25.088010
04828;RUSTHOLLARINTIE 2;HELSINKI;R-KIOSKI PUOTILA;60.212556;25.096595
04540;KIVIPARINTIE 2;HELSINKI;MYLLYPURON OSTOSKESKUS;60.224552;25.074529
04664;ASIAKKAANKATU 11;HELSINKI;LIIKETILA;60.209550;25.081290
40034;ITÄKATU 1;HELSINKI;ITIS / 1. KERROS STOCKMANNIA VASTAPÄÄTÄ;60.212840;25.084750
05650;ITÄKATU 1-5;HELSINKI;ITIS / ANTTILAN VIERESSÄ;60.212030;25.083370
05688;ITÄKATU 1-5 C;HELSINKI;STOCKMANN ITÄKESKUS;60.212820;25.085010
40012;ITÄKATU 1-7;HELSINKI;NORDEA ITÄKESKUS;60.210490;25.081140
05599;ITÄKATU 3;HELSINKI;ITIS / HALOSEN KULMA;60.211000;25.082820
40009;ITÄKATU 3;HELSINKI;ITIS / POHJAKERROS, APTEEKKIA VASTAPÄÄTÄ;60.211510;25.083020
05539;KAUPPAKARTANONKATU 3;HELSINKI;K-CITYMARKET ITÄKESKUS;60.208920;25.085620
04893;TALLINNANAUKIO 1;HELSINKI;DANSKE ITIS;60.209980;25.078500
03723;TURUNLINNANTIE 14;HELSINKI;OP ITIS;60.210480;25.078400
05738;KEINULAUDANKUJA 4;HELSINKI;K-SUPERMARKET KONTUMARKET;60.236630;25.084200
05739;KEINULAUDANKUJA 4;HELSINKI;K-SUPERMARKET KONTUMARKET;60.236580;25.084260
04057;OSTOSTIE 4;HELSINKI;POSTI KONTULA;60.237960;25.086450
05158;VARTIOKYLÄNTIE 3;HELSINKI;ALEPA VARTIOKYLÄ;60.218540;25.102857
05733;MUSTALAHDENTIE 2;HELSINKI;S-MARKET VUOSAARI;60.221710;25.140250
05942;OUNASVAARANTIE 9;HELSINKI;METROASEMA MELLUNMÄKI;60.238974;25.112239
05929;PALLAKSENTIE 2;HELSINKI;K-SUPERMARKET MASI;60.238120;25.111180
05473;MERI-RASTILANKUJA 2;HELSINKI;S-MARKET MERI-RASTILA;60.203870;25.118432
04579;RAHTARINKATU 2;HELSINKI;ABC VUOSAARI;60.224790;25.168160
05449;VUOTIE 45;HELSINKI;COLUMBUS / S-MARKET;60.206960;25.145990
05900;VUOTIE 45;HELSINKI;COLUMBUS;60.207100;25.146260
40052;VUOTIE 45;HELSINKI;COLUMBUS / K-SUPERMARKET;60.207970;25.145950
05846;TERVEYSTIE 3;SÖDERKULLA;LIIKETILA;60.298810;25.327240
05794;KANNUSKUJA 2;VANTAA;S-MARKET HAKUNILA;60.280030;25.109290
05811;LAUKKARINNE 4;VANTAA;LIIKETILA;60.278910;25.104300
40175;LAUKKARINNE 6;VANTAA;HAKUNILAN APTEEKKI;60.278755;25.103924
05003;PORTTISUONTIE 18;VANTAA;IKEA VANTAA;60.277728;25.083470
05211;LÄHDEPUISTONTIE 20;VANTAA;K-MARKET KASTANJA;60.266610;25.099560
04463;ITÄINEN VALKOISENLÄHTEENT. 19;VANTAA;K-MARKET HONKATORI;60.297670;25.103410
05882;KUULAKUJA 5;VANTAA;ALEPA KUULAKUJA;60.244742;25.109739
40015;ASEMATIE 10;VANTAA;NORDEA TIKKURILA;60.292960;25.041290
05810;ASEMATIE 2;VANTAA;TIKKURI;60.292080;25.042800
40176;KIELOTIE 11;VANTAA;OP TIKKURILA;60.293150;25.037930
04655;KIELOTIE 29;VANTAA;K-MARKET KIELOTIE;60.300909;25.040231
05476;PELTOLANTIE 1;VANTAA;K-SUPERMARKET YLIVETO;60.293727;25.032057
05456;RATATIE 11;VANTAA;DIXI;60.292110;25.043380
05579;TIKKURAITTI 20;VANTAA;PRISMA TIKKURILA;60.293100;25.034130
05580;TIKKURAITTI 20;VANTAA;PRISMA TIKKURILA;60.293090;25.034130
05886;LEINIKKITIE 20;VANTAA;R-KIOSKI SIMONKYLÄ;60.309880;25.031440
03741;KOIVUKYLÄN PUISTOTIE 1;VANTAA;ALEPA KOIVUKYLÄN PUISTOTIE;60.322834;25.061910
05828;NIINIKUJA 2;VANTAA;S-MARKET KOIVUKYLÄ;60.322773;25.055490
04803;KOIVUKYLÄNVÄYLÄ 66;VANTAA;ABC ILOLA;60.324328;25.024241
05952;TUUSULANTIE 10;VANTAA;SHELL RUSKEASANTA;60.308171;24.999114
05901;OJALEHDONKUJA 1;VANTAA;K-CITYMARKET KOIVUKYLÄ;60.324999;25.058150
04907;MAAKOTKANTIE 12;VANTAA;NORDEA KORSO;60.350290;25.075390
04821;MERIKOTKANPOLKU 2;VANTAA;OP KORSO;60.351000;25.076580
40018;MERIKOTKANPOLKU 2;VANTAA;OP KORSO;60.351020;25.076600
05790;METSOLANTIE 2;VANTAA;S-MARKET KORSON ASEMA;60.351016;25.079549
05220;MINKKIKUJA 4;VANTAA;K-SUPERMARKET KORSO;60.349930;25.079520
04766;MARSINRINNE 8;VANTAA;K-MARKET MIKKOLA;60.341863;25.094663
05897;VALIMOTIE 9;VANTAA;K-CITYMARKET TAMMISTO;60.272560;24.970080
03888;VANTAANPORTINKATU 3;VANTAA;JUMBO / 2 KRS VANHAN PÄÄOVEN VIERESSÄ;60.291210;24.965710
04260;VANTAANPORTINKATU 3;VANTAA;JUMBO / PRISMA;60.291010;24.965050
04682;VANTAANPORTINKATU 3;VANTAA;JUMBO / CITYMARKET;60.290970;24.965040
40158;VANTAANPORTINKATU 3;VANTAA;JUMBO / 1.KRS. ROBERTS COFFEEN KOHDALLA;60.291870;24.965050
40004;VANTAANPORTINKATU 7;VANTAA;JUMBO / 1 KRS STOCKMANNIN EDUSTA;60.291970;24.964640
05495;LENTOASEMANTIE 1;VANTAA;L-AS. T2 / TRANSITALUE, PORTTI 26 ETU;60.318960;24.967080
05638;LENTOASEMANTIE 1;VANTAA;L-AS T2 / TULOAULA 2;60.318280;24.966690
05691;LENTOASEMANTIE 1;VANTAA;L-AS. T2 LÄHTÖAULA 2;60.318048;24.966429
05694;LENTOASEMANTIE 1;VANTAA;L-AS. T2 / TRANSITALUE, PORTTI 26 TAKA;60.319010;24.967460
05582;ISKOSKUJA 3;VANTAA;MYYRMANNI KAUPPAKÄYTÄVÄ;60.259850;24.853600
05584;ISKOSKUJA 3;VANTAA;MYYRMANNI KAUPPAKÄYTÄVÄ;60.259900;24.853730
40166;ISKOSKUJA 3;VANTAA;MYYRMANNI LIUKUPORTAAN ALLA;60.260550;24.853530
03797;JÖNSAKSENTIE 6;VANTAA;R-KIOSKI MYYRMÄKI;60.261939;24.856176
40019;MYYRMÄENRAITTI 2;VANTAA;OP MYYRMÄKI;60.262800;24.852120
04298;UOMATIE 11;VANTAA;R-KIOSKI MYYRMÄKI;60.269906;24.848860
04612;UKONKIVENPOLKU 11;VANTAA;S-MARKET KAIVOKSELA;60.262760;24.869710
05792;KIVIVUORENTIE 4;VANTAA;OSTARI MARTINLAAKSO;60.277860;24.853390
05796;LAAJAVUORENKUJA 2;VANTAA;K-SUPERMARKET MARTINLAAKSO;60.281299;24.844178
04510;AINONTIE 1;VANTAA;K-SUPERMARKET HÄMEENKYLÄ;60.271015;24.804015
04876;NUIJATIE 12;VANTAA;ALEPA RAJATORPPA;60.258330;24.828700
04816;LAMMASLAMMENTIE 9;VANTAA;R-KIOSKI PÄHKINÄRINNE;60.262356;24.804127
05530;ISOSEPPÄLÄ 14;KLAUKKALA;S-MARKET KLAUKKALA;60.373980;24.759600
04920;KUONOMÄENTIE 2;KLAUKKALA;NORDEA KLAUKKALA;60.378860;24.754430
05033;LIIKEKUJA 1;KLAUKKALA;OP KLAUKKALA;60.380798;24.751439
04815;VIIRINTIE 9;KLAUKKALA;K-CITYMARKET KLAUKKALA;60.377887;24.759849
40090;VIIRINTIE 9;KLAUKKALA;K-CITYMARKET KLAUKKALA / LIUKUPORTAIDEN LUONA;60.377890;24.759850
04917;KESKUSTIE 6;NURMIJÄRVI;OP NURMIJÄRVI;60.462000;24.807300
40132;MAHLAMÄENTIE 2;NURMIJÄRVI;K-SUPERMARKET NURMIJÄRVI;60.462750;24.808940
05600;KAUPPAMIEHENTIE 1;ESPOO;HEIKINTORI;60.176600;24.802270
40002;LÄNSITUULENTIE 10;ESPOO;NORDEA TAPIOLA;60.175770;24.803760
05475;LÄNSITUULENTIE 5;ESPOO;STOCKMANN, TAPIOLA;60.175290;24.803750
40016;LÄNSITUULENTIE 8;ESPOO;OP TAPIOLA;60.175910;24.802850
40177;KALEVALANTIE 3;ESPOO;S-MARKET POHJOIS-TAPIOLA;60.185627;24.807920
04964;KIRVUNTIE 22;ESPOO;ALEPA LAAJALAHTI;60.204050;24.804960
05800;OTAKAARI 11;ESPOO;OTANIEMEN LIIKEKESKUS;60.184580;24.830240
04593;UKKOHAUENTIE 11;ESPOO;S-MARKET HAUKILAHTI;60.163017;24.775722
05480;KOMEETANKATU 2;ESPOO;PRISMA OLARI;60.167120;24.735042
05791;KUUNKATU 3;ESPOO;S-MARKET OLARI;60.172970;24.728159
04950;MATINKATU 22;ESPOO;ALEPA MATINKYLÄ;60.157874;24.739865
05743;PIISPANSILTA 11;ESPOO;ISO OMENA / HYPERMARKET-TASO;60.162170;24.738390
05744;PIISPANSILTA 11;ESPOO;ISO OMENA / HYPERMARKET-TASO;60.162110;24.738440
40123;PIISPANSILTA 11;ESPOO;ISO OMENA / P 1 TASO / AULA;60.161870;24.737210
05488;PIISPANSILTA 9 A;ESPOO;ISO-OMENA UUSI PUOLI, 1. KERROS;60.161290;24.738600
05793;MARTINSILLANTIE 2;ESPOO;NESTE SUOMENOJA;60.162003;24.700991
04716;MALMINKORPI 1;ESPOO;S-MARKET MALMINMÄKI;60.181300;24.678130
04836;ESPOONLAHDENKATU 4;ESPOO;LIPPULAIVA / LINDEX;60.148960;24.657180
40180;ESPOONLAHDENKATU 4;ESPOO;LIPPULAIVA / K-SUPERMARKET SEILORI;60.149890;24.655000
04081;KIVENLAHDENTIE 9;ESPOO;S-MARKET KIVENLAHDENTIE;60.152509;24.658048
05808;MERIVALKAMA 2;ESPOO;K-MARKET KIVENLAHTI;60.154447;24.634721
05905;MAGNEETTIKATU 2;ESPOO;S-MARKET SAUNALAHTI;60.167700;24.616900
05693;KUTOJANTIE 1;ESPOO;S-MARKET NIHTISILTA;60.209620;24.752800
04794;SOUKANTIE 14;ESPOO;K-SUPERMARKET SOUKKA;60.141381;24.671166
05110;ASEMANKAARI 1;KIRKKONUMMI;ASEMAN OSTARI;60.121050;24.441140
04378;ASEMANKULMA 2;KIRKKONUMMI;K-CITYMARKET KIRKKONUMMI;60.119394;24.444228
40089;ASEMANKULMA 2;KIRKKONUMMI;K-CITYMARKET KIRKKONUMMI / KOTI-PIZZAN VIERESSÄ;60.120100;24.445000
05507;MUNKINMÄENTIE 29;KIRKKONUMMI;PRISMA KIRKKONUMMI;60.118150;24.446770
04272;TALLINMÄKI 4;KIRKKONUMMI;OP KIRKKONUMMI;60.124350;24.438510
05010;TINANKUJA 1;MASALA;K-MARKET MASALA;60.157920;24.535260
05751;SIUNTIONTIE 504;SIUNTIO AS;LIIKETILA;60.138130;24.226860
03755;LEPPÄVAARANKATU 3 - 9;ESPOO;SELLO;60.218880;24.811440
40020;LEPPÄVAARANKATU 3 - 9;ESPOO;SELLO 1. KRS KÄYTÄVÄLLÄ (RATSUTORIN SIS.KÄYNTI);60.217750;24.811640
40165;LEPPÄVAARANKATU 3 - 9;ESPOO;SELLO 2. KRS;60.218350;24.811050
05587;LEPPÄVAARANKATU 7;ESPOO;SELLO;60.218560;24.809380
05588;LEPPÄVAARANKATU 7;ESPOO;SELLO;60.218560;24.809380
05589;LEPPÄVAARANKATU 7;ESPOO;SELLO;60.218560;24.809380
05835;KARANIITYNTIE 2;ESPOO;S-MARKET KARAPORTTI;60.224313;24.759769
05482;NIHTISILTA 4;ESPOO;ABC NIHTISILTA;60.207470;24.749090
05766;SINIKALLIONTIE 1;ESPOO;LIIKEKESKUS;60.204200;24.768030
05534;KONSTAAPELINKATU 4;ESPOO;LEPPÄVAARAN GALLERIA;60.221486;24.812290
04252;PROMENADI 1;KAUNIAINEN;NORDEA KAUNIAINEN;60.210030;24.728180
04804;KUUSINIEMENTIE 1;ESPOO;ALEPA VIHERLAAKSO;60.226520;24.740901
05741;LÄHDERANTA 1;ESPOO;S-MARKET LÄHDERANTA;60.241089;24.741039
05141;ESPOONTIE 21;ESPOO;IKEA ESPOO;60.216690;24.663390
05737;SOKINSUONTIE 4;ESPOO;K-MARKET SUVELA;60.200282;24.669826
04813;KAMREERINTIE 3;ESPOO;ESPOONTORI /INSTRUMENTARIUM;60.203750;24.656450
05452;KAMREERINTIE 3;ESPOO;ESPOONTORI / HESBURGER;60.204120;24.656310
40070;SILTAKATU 11;ESPOO;ENTRESSE;60.203610;24.659020
05617;SUNANTIE 1;ESPOO;S-MARKET ESPOON KESKUS;60.204008;24.660895
05742;VIRASTOPIHA 1;ESPOO;K-MARKET RESIINA;60.205699;24.655156
04084;KLIPPINKITIE 9;ESPOO;K-MARKET KAUKLAHTI;60.193430;24.601060
05761;KOSKENTIE 6;VEIKKOLA;K-SUPERMARKET VEIKKOLA;60.269400;24.443860
04923;JUVANKARTANONTIE 33;ESPOO;S-MARKET JUVANKARTANO;60.269919;24.757262
04495;KYLÄNPORTTI 16;ESPOO;K-SUPERMARKET AURORANPORTTI;60.240270;24.700740
04158;NAARANPAJUNTIE 3;NUMMELA;PRISMA NUMMELA;60.330719;24.320538
05941;TUUSANKAARI 1;NUMMELA;K-CITYMARKET NUMMELA;60.332303;24.330265
40096;TUUSANKAARI 1;NUMMELA;K-CITYMARKET NUMMELA;60.332510;24.329710
03887;VIHDINTIE 3;NUMMELA;OP NUMMELA;60.335573;24.321385
04675;VIHDINTIE 4;NUMMELA;NORDEA NUMMELA;60.335396;24.320470
05760;KIRJAVANTIE 2;VIHTI;K-SUPERMARKET VIHTI;60.417700;24.326460
03900;MÄNTYLÄNKATU 1;KARKKILA;S-MARKET KARKKILA;60.534434;24.231589
40100;TAMMELANTIE 8;KARKKILA;OP KARKKILA;60.536070;24.211140
05674;MARTTILANTIE 2;PUSULA;LIIKETILA;60.473640;23.981910
40181;ISO KYLÄTIE 21;SIPOO;OP SIPOO;60.376090;25.269260
05847;ALEKSIS KIVEN TIE 1;KERAVA;NORDEA KERAVA;60.403020;25.100610
04788;ASEMANAUKIO;KERAVA;RAUTATIEASEMA KERAVA;60.404756;25.104547
05630;KAUPPAKAARI 2;KERAVA;PRISMA KERAVA;60.401660;25.103660
05631;KAUPPAKAARI 2;KERAVA;PRISMA KERAVA;60.401660;25.103670
40091;NIKONKATU 1;KERAVA;K-CITYMARKET KERAVA;60.399614;25.102522
05031;RATATIE 24;KERAVA;K-MARKET  AHJONTORI;60.401692;25.146635
04969;KALEVANKATU 65;KERAVA;K-MARKET KALEVANTORI;60.420323;25.089397
05787;LINTULAMMENKATU 2;KERAVA;ALEPA KERAVA;60.400003;25.109054
04757;KOIVIKONTIE 2;KERAVA;R-KIOSKI SAVIO;60.380401;25.096312
40137;AUTOASEMANKATU 1;TUUSULA;K-SUPERMARKET HYRYLÄ;60.402850;25.029570
05783;HYRYLÄNKATU 6;TUUSULA;TUUSULAN KAUPPAKESKUS;60.396840;25.019970
05784;HYRYLÄNKATU 6;TUUSULA;TUUSULAN KAUPPAKESKUS;60.396770;25.020050
05788;HAUKANTIE 2;TUUSULA;RIHA - CENTER / ALEPA;60.374380;25.017810
03813;HELSINGINTIE 41;JÄRVENPÄÄ;K-CITYMARKET JÄRVENPÄÄ;60.476790;25.102510
05498;HELSINGINTIE 41;JÄRVENPÄÄ;K-CITYMARKET JÄRVENPÄÄ;60.476970;25.103230
05481;HELSINGINTIE 43;JÄRVENPÄÄ;TOKMANNI JÄRVENPÄÄ;60.477610;25.104660
04951;PAJALANTIE 19;JÄRVENPÄÄ;K-SUPERMARKET PAJALA;60.479239;25.084631
05490;RANTAKATU 5;JÄRVENPÄÄ;PRISMA JÄRVENPÄÄ;60.470510;25.084280
05491;RANTAKATU 5;JÄRVENPÄÄ;PRISMA JÄRVENPÄÄ;60.470510;25.084360
40057;RANTAKATU 5;JÄRVENPÄÄ;PRISMAKESKUS JÄRVENPÄÄ;60.470440;25.083580
05844;SIBELIUKSENKATU 15;JÄRVENPÄÄ;NORDEA JÄRVENPÄÄ;60.472570;25.089410
04326;SIBELIUKSENKATU 17;JÄRVENPÄÄ;OP JÄRVENPÄÄ;60.472414;25.089126
04747;VEHNÄTIE 2;JÄRVENPÄÄ;K-SUPERMARKET PELTOLA;60.492198;25.093974
05098;SIPOONTIE 54;JÄRVENPÄÄ;K-MARKET SATUKALLIO;60.465242;25.119547
04909;OKSAPOLKU 1;JÄRVENPÄÄ;JAMPAN OSTOSKESKUS;60.492650;25.067310
05958;RAITAKATU 1;HAARAJOKI;K-MARKET HAARAJOKI;60.497916;25.144038
04361;VANHA VALTATIE 195;KELLOKOSKI;LIIKETILA;60.532140;25.110460
05873;KESKUSKATU 1;MÄNTSÄLÄ;S-MARKET MÄNTSÄLÄ;60.635153;25.317101
40120;KESKUSKATU 6;MÄNTSÄLÄ;OP MÄNTSÄLÄ;60.635830;25.319510
05577;POHJOINEN PIKATIE 1;MÄNTSÄLÄ;SHELL MÄNTSÄLÄ P;60.673358;25.352355
05865;SÄLINKÄÄNTIE 2;MÄNTSÄLÄ;K-CITYMARKET MÄNTSÄLÄ;60.637530;25.317950
04916;KILJAVANTIE 3;RAJAMÄKI;PIENI RAVINTOLA;60.527680;24.751200
05845;OSULANKUJA 3;JOKELA;S-MARKET JOKELA;60.553390;24.967050
05785;LEHMUSTIE 1;HYVINKÄÄ;K-MARKET HAKALANTORI;60.616019;24.868740
05750;HÄMEENKATU 18;HYVINKÄÄ;NORDEA HYVINKÄÄ;60.633850;24.864970
05011;HÄMEENKATU 3;HYVINKÄÄ;OP HYVINKÄÄ;60.631160;24.860730
05607;HÄMEENKATU 9;HYVINKÄÄ;WILLA;60.632333;24.862895
05492;PELTOKUUMOLANTIE 2;HYVINKÄÄ;ABC HYVINKÄÄ;60.618619;24.802871
40048;TORIKATU 7;HYVINKÄÄ;WILLA, 1. KRS POSTIN VIERESSÄ PORTAIDEN ALLA;60.632160;24.865500
05578;TORIKATU 9;HYVINKÄÄ;PRISMA HYVINKÄÄ;60.631685;24.866324
40207;UUDENMAANKATU 3;HYVINKÄÄ;S-MARKET HYVINKÄÄ;60.629151;24.857127
04165;MUNCKINKATU 37;HYVINKÄÄ;VALINTATALO HYVINKÄÄ;60.641780;24.867640
04327;UUDENMAANKATU 67;HYVINKÄÄ;KIRJAVANTOLPPA;60.619970;24.844470
04641;UUDENMAANKATU 106;HYVINKÄÄ;KAUPPAHUONE PYRHÖNEN-VEHKOJA;60.608506;24.835632
05126;JUSSILANKATU 5;HYVINKÄÄ;K-MARKET PAAVOLA;60.647850;24.833460
04472;ALEKSANTERINKAARI 1;PORVOO;S-MARKET NÄSI;60.387400;25.651070
04482;ALEKSANTERINKAARI 1;PORVOO;S-MARKET NÄSI;60.387400;25.651150
40103;LUNDINKATU 12;PORVOO;LUNDI;60.393650;25.664260
04960;MANNERHEIMINKATU 21;PORVOO;K-MARKET MARSKI;60.395714;25.667927
05832;PIISPANKATU 32;PORVOO;NORDEA PORVOO;60.393460;25.662640
05837;RAUHANKATU 27;PORVOO;OP PORVOO;60.393060;25.665570
05552;ASENTAJANTIE 1;PORVOO;K-SUPERMARKET TARMOLA;60.399290;25.684780
05833;SAMMONTIE 1;PORVOO;KEVÄTKUMMUN PALVELUKESKUS;60.387640;25.696350
05834;SUOLAKETIE 2;PORVOO;GAMMELBACKAN OSTOSKESKUS;60.374420;25.632240
05675;KIRKKOTIE 175;PORNAINEN;OP PORNAINEN;60.477230;25.374340
05179;HELKAMÄENTIE 15;MONNINKYLÄ;OP MONNINKYLÄ;60.493045;25.540345
04275;KOIVULINNANTIE 3;PUKKILA;OP PUKKILA;60.645421;25.579407
04537;VIRASTOTIE 4;MYRSKYLÄ;OP MYRSKYLÄ;60.669680;25.852170
05817;VANHANKYLÄNTIE 77;VANHAKYLÄ;ABC KUNINKAANTIE;60.485739;25.892715
04911;LAPINJÄRVENTIE 14 A;LAPINJÄRVI;K-EXTRA LAPINJÄRVI;60.623260;26.197930
03987;KOIVISTONTIE 2 A;PUKARO;PUKARON PARONI;60.671043;26.251426
04993;ARKKITEHDINTIE 5;LOVIISA;S-MARKET LOVIISA;60.452873;26.206474
05747;BRANDESTEININKATU 11;LOVIISA;AKTIA LOVIISA;60.456590;26.225520
40142;KUNINGATTARENKATU 11;LOVIISA;LOVIISAN GALLERIA;60.456320;26.227560
04318;KOIVULANMÄENTIE 1;RUOTSINPYHTÄÄ;OP RUOTSINPYHTÄÄ;60.522780;26.469080
40061;KAUPPAKATU 5-9;LOHJA;LOHJANTÄHTI;60.249650;24.066050
05840;LAURINKATU 39;LOHJA;PRISMA LOHJA;60.248518;24.062126
05762;LAURINKATU 48;LOHJA;SP LOHJA;60.250850;24.064640
04598;OJAMONHARJUNTIE 61;LOHJA;K-CITYMARKET OJAMO;60.227720;24.026320
05632;OJAMONHARJUNTIE 61;LOHJA;K-CITYMARKET OJAMO;60.227830;24.025000
05576;HOSSANMÄENTIE 1;LOHJA;ABC LOHJA;60.292321;24.061783
05872;MÄNTYNUMMENTIE 46;LOHJA;LIIKETILA;60.274210;24.132220
05849;TIETOLANTIE 1;LOHJA;K-MARKET TIETOLANTIE;60.191490;23.998650
04435;HAKOSENKUJA 2;KARJALOHJA;SALE KARJALOHJA;60.244598;23.731404
05967;KAUPPAKUJA 1;SAUKKOLA;K-MARKET LANDEN;60.380460;23.958360
05848;OLA WESTMANIN PUISTOTIE 9;INKOO;S-MARKET INKOO;60.045390;24.004620
05662;KAUPPIAANKATU 10;KARJAA;AKTIA KARJAA;60.070500;23.659370
04276;KAUPPIAANKATU 11;KARJAA;NORDEA KARJAA;60.070942;23.659344
04376;KAUPPIAANKATU 6;KARJAA;OP KARJAA;60.070098;23.659764
40114;RATAKATU 59;KARJAA;K-SUPERMARKET KARIS-KARJAA;60.070620;23.663150
05722;VANHA TURUNTIE 73;POHJANKURU;LIIKETILA;60.095840;23.525370
05699;PITÄJÄNTIE 24;TENHOLA;AKTIA TENHOLA;60.058550;23.304830
40182;ASEMATIE 1;TAMMISAARI;OP TAMMISAARI;59.976366;23.438749
05661;ASEMATIE 6;TAMMISAARI;SP TAMMISAARI;59.976993;23.440325
03799;KUNINGATTARENKATU 4;TAMMISAARI;NORDEA TAMMISAARI;59.974642;23.437621
05664;RAASEPORINTIE 14;TAMMISAARI;K-SUPERMARKET POPSI;59.978370;23.463910
05700;NYCANDERINKATU 18;HANKO;AKTIA HANKO;59.824750;22.964630
40202;REVELLINKATU 2;HANKO;K-SUPERMARKET HANKO;59.828346;22.965856
03800;VUORIKATU 12;HANKO;NORDEA HANKO;59.825140;22.967540
04314;KESKUSKATU 12;RIIHIMÄKI;OP RIIHIMÄKI;60.738344;24.773246
05115;LOPENTIE 22;RIIHIMÄKI;S-MARKET HIRSIMÄKI;60.731541;24.762811
04094;VOIMALANKATU 2;RIIHIMÄKI;PRISMA RIIHIMÄKI;60.732470;24.776630
04663;VOIMALANKATU 2;RIIHIMÄKI;PRISMA RIIHIMÄKI;60.732070;24.777580
40045;VOIMALANKATU 2;RIIHIMÄKI;ATOMI;60.732950;24.777730
05529;KINTURINTIE 2;RIIHIMÄKI;ABC RIIHIMÄKI;60.751044;24.737960
05084;KONTIONTIE 34;RIIHIMÄKI;K-MARKET OTSO;60.747558;24.769215
05821;PELTOSAARENKATU 1;RIIHIMÄKI;VALINTATALO PELTOSAARI;60.738980;24.800930
03790;MERKOKSENKATU 5;RIIHIMÄKI;K-CITYMARKET RIIHIMÄKI;60.721910;24.734110
04752;KESKUSTIE 1;OITTI;OP OITTI;60.787000;25.027890
05667;HEIMOLANTIE 1;TERVAKOSKI;OP TERVAKOSKI;60.816527;24.630774
05565;HELSINGINTIE 1426;TERVAKOSKI;NESTE LINNATUULI;60.849160;24.605990
05724;YHDYSTIE 3;LOPPI;S-MARKET LOPPI;60.720528;24.442797
05818;ETELÄKATU 14;HÄMEENLINNA;TAVASTILA;60.993679;24.460397
04847;HÄMEENSAARENTIE 7;HÄMEENLINNA;K-CITYMARKET HÄMEENSAARI;60.992330;24.460910
05512;KAIVOKATU 7;HÄMEENLINNA;GOODMAN /1 KRS, HEMTEXIN VIERESSÄ;60.995210;24.454940
40067;KAIVOKATU 7;HÄMEENLINNA;GOODMAN / P1. KRS, GALLERIAN KÄYTÄVÄ;60.995920;24.454860
05053;RAATIHUONEENKATU 17;HÄMEENLINNA;NORDEA HÄMEENLINNA;60.996050;24.464890
05776;RAATIHUONEENKATU 21;HÄMEENLINNA;OP HÄMEENLINNA;60.995750;24.463300
40049;RAATIHUONEENKATU 21-23;HÄMEENLINNA;OPTELLI;60.995352;24.462360
05888;KATSASTUSMIEHENTIE 6;HÄMEENLINNA;K-CITYMARKET HÄMEENLINNA;61.006650;24.419200
04630;WARTIAMÄENTIE 2;HÄMEENLINNA;PRISMA HÄMEENLINNA;61.011850;24.412390
05508;WARTIAMÄENTIE 2;HÄMEENLINNA;PRISMA HÄMEENLINNA;61.012280;24.413820
04988;HÄTILÄNKATU 2;HÄMEENLINNA;LIIKETILA;61.003290;24.488380
05909;LAANIITYNKATU 2;HÄMEENLINNA;S-MARKET IDÄNPÄÄ;61.006271;24.506226
05771;HONGISTONKUJA 8;HÄMEENLINNA;JUKOLAN LIIKEKESKUS;60.984380;24.417030
03934;OJOISTENKATU 2;HÄMEENLINNA;OJOISTEN LIIKEKESKUS;61.007233;24.442845
05013;PAROISTENTIE 1;HÄMEENLINNA;ABC TIIRIÖ;61.014626;24.417134
04333;KINNALANTIE 3;PAROLA;HATTULAN SÄÄSTÖPANKIN TORI;61.055290;24.372830
05773;HARVIALANTIE 7;TURENKI;OP JANAKKALA;60.922732;24.648636
40079;HARVIALANTIE 7;TURENKI;OP JANAKKALA;60.922720;24.648070
04570;RENGONRAITTI 16;RENKO;OP RENKO;60.893987;24.281003
04164;KOTKAJÄRVENTIE 1;IITTALA;OP IITTALA;61.090870;24.136280
04328;HAUHONTIE 13;HAUHO;OP HAUHO;61.172105;24.562418
05853;POHJOISTENTIE 70;TUULOS;TUULONEN;61.106370;24.865315
04290;LAUNEENKATU 14;LAHTI;NESTE LAUNE;60.967971;25.653966
05946;MANNERHEIMINKATU 15;LAHTI;LAHDEN ASEMARAKENNUS;60.976880;25.657820
05944;ALEKSANTERINKATU 10;LAHTI;AMARILLO;60.983097;25.657515
05527;ALEKSANTERINKATU 19;LAHTI;SOKOS LAHTI / NEUVONTA;60.982746;25.659351
05894;ALEKSANTERINKATU 19 - 21;LAHTI;SOKOS LAHTI;60.982750;25.659350
40035;ALEKSANTERINKATU 8;LAHTI;DANSKE LAHTI;60.983390;25.654520
05916;ALEKSANTERINKATU 18;LAHTI;TRIO;60.982650;25.662220
05535;ALEKSANTERINKATU 18-22;LAHTI;TRIO / ALEKSANTERI POHJAKERROS;60.982650;25.662220
40050;ALEKSANTERINKATU 18-22;LAHTI;TRIO;60.982714;25.662048
05809;ANKKURIKATU 1;LAHTI;S-MARKET ANKKURI;60.996360;25.656382
04581;KAUPPAKATU 13;LAHTI;K-CITYMARKET PAAVOLA;60.985970;25.666247
04493;KAUPPAKATU 18;LAHTI;SYKE / PÄÄKÄYTÄVÄ;60.987140;25.664810
05619;KAUPPAKATU 18;LAHTI;SYKE / S-MARKET;60.987410;25.663690
05189;VIIPURINTIE 2;LAHTI;RAVINTOLA MÖYSÄN BAARI;60.979193;25.685332
05961;KAUPPIAANKATU 2;LAHTI;KARISMA;60.981780;25.736280
40157;KAUPPIAANKATU 2;LAHTI;KARISMA;60.981020;25.734940
05823;HIRSIMETSÄNTIE 52;LAHTI;S-MARKET KIVERIÖ;60.990359;25.680840
05879;JOHANNEKSENKATU 2;LAHTI;PRISMA LAHTI HOLMA;61.008300;25.679240
05895;RITANIEMENKATU 7 - 9;LAHTI;S-MARKET MUKKULA;61.015666;25.664641
04685;ALASENKATU 1;LAHTI;K-MARKET AHTIALA;60.998909;25.758600
05544;AJOKATU 53;LAHTI;K-CITYMARKET LAUNE;60.964820;25.658630
05896;OSTOSKATU 8;LAHTI;SALE LIIPOLA;60.962400;25.670280
05210;LÄHDETIE 2;VILLÄHDE;K-MARKET SOLINA;60.946690;25.805000
03938;MAJAKKATIE 2;VILLÄHDE;ABC NASTOLA;60.948499;25.886692
05875;LEKATIE 1;NASTOLA;OP NASTOLA;60.936357;25.960564
40183;MUURARINTIE 3;NASTOLA;K-SUPERMARKET NASTOLA;60.937210;25.962390
05520;APILAKATU 2;LAHTI;PRISMA LAHTI LAUNE;60.958750;25.655540
05521;APILAKATU 2;LAHTI;PRISMA LAHTI LAUNE;60.958747;25.655543
05927;HELSINGINTIE 126;LAHTI;S-MARKET HENNALA;60.969550;25.629200
04584;PASAASI 2;LAHTI;KÄRKKÄINEN / LAHTI;60.934910;25.625810
40097;PASAASI 2;LAHTI;KÄRKKÄINEN / LAHTI;60.934560;25.624880
05538;SIMOLANMUTKA 1;LAHTI;ABC RENKOMÄKI;60.935592;25.633951
04515;HENNALANKATU 5;LAHTI;K-SUPERMARKET OKEROINEN;60.966607;25.581422
05769;PETSAMONKATU 9;LAHTI;S-MARKET METSÄKANGAS;60.980937;25.593021
05545;KESKUSSAIRAALANKATU 7;LAHTI;PÄIJÄT-HÄMEEN KESKUSSAIRAALA;60.991119;25.568203
05656;KANSANKATU 8;HOLLOLA;S-MARKET HOLLOLA;60.988972;25.516347
40076;KANSANKATU 8;HOLLOLA;OP HOLLOLA;60.989100;25.515880
05775;TARMONTIE 7;HOLLOLA;K-SUPERMARKET HOLLOLA;60.988910;25.544900
05057;VUORISENKATU 4;LAHTI;S-MARKET JALKARANTA;60.996796;25.592351
40194;ERKONTIE 11;ORIMATTILA;OP ORIMATTILA;60.804621;25.732582
04927;KÄKELÄNTIE 3;ORIMATTILA;K-SUPERMARKET ORIMATTILA;60.803109;25.735097
03743;HÄHKÄNIEMENTIE 3;JÄRVELÄ;OP KÄRKÖLÄ;60.868240;25.274950
04748;KESKUSTIE 25;HÄMEENKOSKI;OP HÄMEENKOSKI;61.021128;25.156658
04303;MOMMILANTIE 1;LAMMI;S-MARKET LAMMI;61.079686;25.011614
04229;MAAKAUPANTIE 1;VÄÄKSY;K-SUPERMARKET VÄÄKSY;61.173241;25.545685
40184;RUSTHOLLINTIE 1;VÄÄKSY;OP VÄÄKSY;61.172226;25.550473
05852;KESKUSTIE 21;PADASJOKI;OP PADASJOKI;61.350650;25.276850
05855;TORITIE 51;KUHMOINEN;OP KUHMOINEN;61.563460;25.182090
04573;HEVOSSAARENTIE 1;HEINOLA;K-CITYMARKET HEINOLA;61.193017;25.998376
05748;KIRKKOKATU 8;HEINOLA;NORDEA HEINOLA;61.202656;26.032844
40083;SAVONTIE 7;HEINOLA;OP HEINOLA;61.203480;26.030910
04944;SILTAKATU 31;HEINOLA;S-MARKET HEINOLA;61.205868;26.039447
05624;TYÖMIEHENTIE 33;HEINOLA;ABC HEINOLA;61.231917;26.045773
04613;VANHATIE 37;HEINOLA;K-MARKET KYLÄTÄHTI;61.248160;26.060443
04707;TERVALAMMENTIE 1;VIERUMÄKI;VIERUMÄEN MATKAKEIDAS;61.106110;25.930560
05138;MÄYRÄTIE 1;KUORTTI;ABC KUORTTI;61.422338;26.434926
04041;VIRASTOKUJA 2;PERTUNMAA;OP PERTUNMAA;61.504260;26.481704
04351;KESKUSTIE 48;HARTOLA;OP HARTOLA;61.578590;26.021450
05157;KESKUSTIE 3;JOUTSA;OP JOUTSA;61.743190;26.108100
04934;SYSMÄNTIE 36;SYSMÄ;OP SYSMÄ;61.501810;25.686610
04344;ANINKAISTENKATU 20;TURKU;LINJA-AUTOASEMA TURKU;60.456840;22.268570
04337;EERIKINKATU;TURKU;KAUPPATORI / EERIKINKATU KIOSKI;60.452490;22.271690
05881;EERIKINKATU 19;TURKU;CENTRUM;60.449400;22.262570
05819;KAUPPATORI;TURKU;KAUPPATORI / KALLUN GRILLI;60.451300;22.267350
05907;KAUPPIASKATU 7;TURKU;SOKOS  WIKLUND;60.451757;22.268618
05005;KAUPPIASKATU 9 B;TURKU;NORDEA KAUPPATORI;60.452470;22.267640
05006;KAUPPIASKATU 9 B;TURKU;NORDEA KAUPPATORI;60.452390;22.267760
40036;KAUPPIASKATU 9 B;TURKU;NORDEA KAUPPATORI;60.452360;22.267850
40044;MAARIANKATU 4;TURKU;OP TURKU;60.454370;22.268730
04928;PUUTARHAKATU 36;TURKU;K-MARKET PORTSA;60.446279;22.242964
04228;VERKATEHTAANKATU 4;TURKU;K-MARKET VERKAHOVI;60.457680;22.273540
05959;YLIOPISTONKATU 20;TURKU;HANSATORI;60.450520;22.263940
05960;YLIOPISTONKATU 20;TURKU;HANSATORI;60.450520;22.263940
40033;YLIOPISTONKATU 20;TURKU;DANSKE TURKU;60.451370;22.264540
04620;YLIOPISTONKATU 29 B;TURKU;ANTTILA KIVIKUKKARO;60.450542;22.260870
04399;EERIKINKATU 2;TURKU;KIRKKOSILTA;60.452768;22.273095
04535;HYRKÖISTENTIE 26;TURKU;LIIKETILA;60.453150;22.160640
05795;PITKÄMÄENKATU 4;TURKU;K-SUPERMARKET MANHATTAN;60.457834;22.236328
04256;VANHA TAMPEREENTIE 108;TURKU;PRISMA TAMPEREENTIE;60.472660;22.286800
05558;MARKULANTIE 150;TURKU;K-CITYMARKET LÄNSIKESKUS / KIOSKI;60.472000;22.232600
05559;MARKULANTIE 150;TURKU;K-CITYMARKET LÄNSIKESKUS / ALKO;60.471910;22.232590
40094;MARKULANTIE 150;TURKU;K-CITYMARKET LÄNSIKESKUS;60.471890;22.232900
04458;VIILARINKATU 3;TURKU;PRISMA LÄNSIKESKUS / OIKEA ULKO-OVI;60.473290;22.227580
04919;VIILARINKATU 3;TURKU;PRISMA LÄNSIKESKUS / VASEN ULKO-OVI;60.473800;22.226890
05441;PIIPARINPOLKU 23;TURKU;RAVINTOLA SATAMA;60.489940;22.266360
04708;MITTUMAARINTIE 73;TURKU;K-MARKET MOISIO;60.534870;22.306050
04191;HÄMEENKATU 5;TURKU;LIIKETILA;60.452580;22.283790
04474;KIINANMYLLYNKATU 3;TURKU;OP HÄMEENKATU;60.453060;22.286920
05928;KALEVANTIE 41;TURKU;PRISMA ITÄHARJU;60.446280;22.324180
05947;KALEVANTIE 41;TURKU;PRISMA ITÄHARJU POHJAKERROS KESKISISÄÄNKÄYNNIN VIERESSÄ;60.446630;22.324270
05028;GREGORIUS IX:N TIE 8;TURKU;S-MARKET HALINEN;60.469352;22.306841
05204;HÄMEENTIE 24;TURKU;NUMMENMÄKI;60.455666;22.297798
04772;REIVIKATU 5;TURKU;K-CITYMARKET RAVATTULA;60.469640;22.356106
05127;VANHA HÄMEENTIE 112;TURKU;K-MARKET HANSKI;60.458740;22.321680
03834;KOTKANKATU 3;TURKU;K-MARKET HURTTIVUORI;60.441060;22.340640
04478;LITTOISTENTIE 81;TURKU;ITÄKESKUS TURKU / KÄYTÄVÄ;60.443170;22.359420
05148;LITTOISTENTIE 81;TURKU;ITÄKESKUS TURKU;60.443450;22.358330
04990;UUSI  LITTOISTENTIE 48;LITTOINEN;K-MARKET LITTOINEN;60.445010;22.391720
04823;KASKENTIE 2;TURKU;NESTE MOTOREST;60.441389;22.280319
04236;UUDENMAANTIE 17;TURKU;K-CITYMARKET KUPITTAA;60.443820;22.286230
05595;SKANSSINKATU 10;TURKU;SKANSSI;60.429770;22.321510
05596;SKANSSINKATU 10;TURKU;SKANSSI;60.429770;22.321500
04738;KATARAISTENTIE 7;TURKU;KOIVULAN LIIKEKESKUS;60.417860;22.300850
04953;LAUKLÄHTEENKATU 10;TURKU;K-MARKET ILPOINEN;60.422489;22.284954
04596;MAISTRAATINPOLKU 1;TURKU;SALE LAUSTE;60.433250;22.348440
04773;KAIRISKULMANTIE 3;PIISPANRISTI;PRISMA PIISPANRISTI;60.415314;22.326678
04485;HOVIRINNANTIE 5;KAARINA;K-SUPERMARKET KATARIINA;60.407118;22.362745
05827;KUSKINKATU 4;KAARINA;S-MARKET KAARINA;60.408440;22.372900
40144;OSKARINAUKIO 3;KAARINA;OP KAARINA;60.407930;22.369780
04447;ITÄINEN RANTAKATU 60;TURKU;VALINTATALO ITÄINEN RANTAKATU;60.440605;22.248422
04162;KUPITTAANKATU 146;TURKU;OP VÄHÄ-HEIKKILÄ;60.437100;22.258080
05027;KÖLIKATU 2;TURKU;S-MARKET MAJAKKARANTA;60.430000;22.239350
05042;MARTINKATU 5;TURKU;K-MARKET MARTINMYLLY;60.442575;22.257636
05000;RÄTIÄLÄNKATU 24;TURKU;K-MARKET ISPO;60.427387;22.269312
04955;RATSUMIEHENKATU 8;TURKU;K-MARKET UITTAMO;60.421396;22.264188
05086;VANHA KAKSKERRANTIE 1;TURKU;K-SUPERMARKET HIRVENSALO;60.418678;22.228656
05149;ALPPILANKATU 2;NAANTALI;K-SUPERMARKET ELLEN;60.466703;22.031897
40135;TULLIKATU 12;NAANTALI;OP NAANTALI;60.467560;22.024320
04619;VENEKUJA 5;NAANTALI;K-SUPERMARKET UKKO-PEKKA;60.476888;22.042655
04624;NUHJALANTIE 8;NAANTALI;SALE ETAPPI;60.484600;22.052000
04045;VILUNTIE 3;RYMÄTTYLÄ;OP RYMÄTTYLÄ;60.376491;21.945575
04195;KAUPPAKATU 2;RAISIO;RAISION LIIKEKESKUS/ ROSSO;60.487308;22.167060
40147;RAISIONTORI 5;RAISIO;S-MARKET RAISIONTORI;60.485970;22.166470
05933;VOUDINKATU 5;RAISIO;K-SUPERMARKET RAISIO CENTER;60.490291;22.170818
05197;KESKUSKAARI 5;MASKU;OP MASKU;60.570205;22.095911
03826;NUMMENTIE 3;NOUSIAINEN;OP NOUSIAINEN;60.598570;22.084450
03889;ITÄNIITYNTIE 15;RAISIO;IKEA RAISIO;60.489990;22.210700
05547;MYLLYNKATU 1;RAISIO;MYLLY/MUSIIKKINURKKA;60.490770;22.197830
05548;MYLLYNKATU 1;RAISIO;MYLLY;60.490790;22.198080
40092;MYLLYNKATU 1;RAISIO;MYLLY/PRISMA SIS.KÄYNTI;60.490600;22.202730
05745;VANHATIE 2;RUSKO;OP RUSKO;60.541366;22.221073
04672;TURUNTIE 2;AURA;OP AURA;60.646206;22.590869
04499;HANHENKAARI 3;LIETO;S-MARKET LIETO;60.504341;22.459615
05663;HYVÄTTYLÄNTIE 4;LIETO;SP LIETO;60.504816;22.458149
03747;KIRKKOTIE 2;MARTTILA;OP MARTTILA;60.584671;22.900143
04703;LUKKARINTIE 2;PIIKKIÖ;K-MARKET PIIKKIÖ;60.425320;22.514620
05036;ASEMATIE 1;PAIMIO;PAIMION TORIKESKUS;60.457940;22.688877
40153;VISTANTIE 21;PAIMIO;OP PAIMIO;60.456200;22.689150
04818;VILJONTIE 1;SAUVO;OP SAUVO;60.343120;22.693810
05746;KIRKKOESPLANADI 32;PARAINEN;K-SUPERMARKET REIMARI;60.308980;22.308190
40146;RANTATIE 20;PARAINEN;OP PARAINEN;60.301840;22.302040
05717;RANTATIE 8;PARAINEN;NORDEA PARAINEN;60.299570;22.302080
04152;KESÄTORI 1;NAUVO;OP NAUVO;60.192520;21.909695
04501;KYRÖNTIE 28;KYRÖ;SALE KYRÖNTIE;60.703570;22.754980
04403;TURUNTIE 631;RIIHIKOSKI;OP PÖYTYÄ;60.718570;22.603080
04309;HAVERINTIE 6;YLÄNE;OP YLÄNE;60.878810;22.411230
04385;KÖPMANSGATAN 2;MAARIANHAMINA;OP MAARIANHAMINA;60.101340;19.941880
05067;NYGATAN 2;MAARIANHAMINA;ÅLANDSBANKEN - CITY;60.100444;19.943256
03805;STRANDHAGSVÄGEN 11;MAARIANHAMINA;ÅLANDSBANKEN - STRANDNÄS;60.117578;19.942334
04212;TORGGATAN 10;MAARIANHAMINA;NORDEA MARIEHAMN;60.099010;19.942020
05199;SPARVÄGEN 1;JOMALA;KÖPCENTRUM MAXINGE;60.130081;19.933818
03759;VON KNORRINGSVÄGEN 1;GODBY;ÅLANDSBANKEN - GODBY;60.233957;20.001817
04971;VIRASTOTIE 2;MYNÄMÄKI;OP MYNÄMÄKI;60.679131;21.987756
04034;VINKKILÄNTIE 17;VINKKILÄ;OP VINKKILÄ;60.686149;21.713575
04375;IHATTULANTIE 5;TAIVASSALO;OP TAIVASSALO;60.561030;21.615505
05777;KIVIMAANTIE 20;KUSTAVI;OP KUSTAVI;60.545770;21.358890
05202;KETUNKALLIONTIE 3 C;UUSIKAUPUNKI;SIWA / ITÄPOIJU;60.805034;21.423127
40145;KOULUKATU 1;UUSIKAUPUNKI;OP UUSIKAUPUNKI;60.799430;21.411550
04633;RAUHANKATU 4;UUSIKAUPUNKI;NORDEA UUSIKAUPUNKI;60.799672;21.408562
40148;KAUPPAKATU 3;LAITILA;K-SUPERMARKET LAITILA;60.876080;21.698190
05936;KESKUSKATU 20;LAITILA;OP LAITILA;60.880509;21.694903
05133;HELSINGINTIE 14;SALO;SALE SALO;60.386571;23.135984
05755;HORNINKATU 11;SALO;LIIKETILA;60.385080;23.129740
04643;HÄMEENTIE 24;SALO;K-CITYMARKET SALO;60.389935;23.127363
04550;VILHONKATU 14;SALO;ANTTILA SALO;60.386233;23.125372
05690;VILHONKATU 8;SALO;PLAZA 2. KRS;60.386373;23.124741
40053;VILHONKATU 8;SALO;PLAZA 1.KRS;60.386370;23.124740
05131;RUOKSMÄENTIE 1;SALO;ABC PIIHOVI;60.419197;23.164796
04491;HALIKONTIE 2;HALIKKO;K-MARKET PIRKKATORI;60.396428;23.080738
05636;PRISMANTIE 2;HALIKKO;PRISMA HALIKKO;60.393950;23.085490
05159;INKEREENTIE 1023;PERTTELI;OP INKERE;60.436300;23.277520
05711;KIRKKOTIE 10;KIIKALA;OP KIIKALA;60.460930;23.551970
05209;BULEVARDI 10;SUOMUSJÄRVI;TEBOIL KIVIHOVI;60.380049;23.615747
04132;TOIJANTIE 7;KISKO;OP TOIJA;60.264661;23.446250
05862;HAARLANTIE 21;PERNIÖ;S-MARKET PERNIÖ;60.205330;23.114880
05012;SALONTIE 4;PERNIÖ;OP PERNIÖ;60.205826;23.122898
40198;ENGELSBYNTIE 9;KEMIÖ;KOMPASSI;60.163120;22.732850
04608;KOLAPAKANTIE 2;TAALINTEHDAS;SALE TAALINTEHDAS;60.020886;22.507714
05906;KARJALANKATU 5;RAUMA;K-CITYMARKET RAUMA;61.132382;21.507440
05119;KAUPPAKATU 1;RAUMA;OP KAUPPAKATU;61.128280;21.506460
40046;KAUPPAKATU 1;RAUMA;OP RAUMA KAUPPAKATU;61.128220;21.506140
05923;NORTAMONKATU 10;RAUMA;NORDEA RAUMA;61.130160;21.506010
03839;PORINTIE 4;RAUMA;PRISMA RAUMA;61.132800;21.517080
04526;PORINTIE 4;RAUMA;PRISMA RAUMA;61.132700;21.514500
03819;SAHANKATU 2;RAUMA;PICK N PAY RAUMA;61.123677;21.501560
05116;TEOLLISUUSKATU 2;RAUMA;K-SUPERMARKET VESSELI;61.118559;21.506388
04048;ÄYHÖNJÄRVENTIE 1;RAUMA;S-MARKET ÄYHÖ;61.131860;21.540698
03837;LAHDENKATU 11;RAUMA;LIIKETILA;61.144870;21.483120
05236;MONNANKATU 6;RAUMA;SALE RAUMA;61.120764;21.528243
05869;KIRKKOTIE 3;EURAJOKI;OP EURAJOKI;61.201804;21.727938
04984;MEIJERITIE 2;LAPPI;OP LAPPI;61.100872;21.846427
04070;EURAKOSKENTIE 38;KIUKAINEN;OP KIUKAINEN;61.208120;22.083540
04157;PANELIANTIE 46;PANELIA;OP PANELIA;61.226460;21.973220
04369;KAUPPATIE 3;KAUTTUA;KAUTTUAN LIIKEKESKUS;61.115671;22.162809
40099;SATAKUNNANKATU 13;EURA;K-SUPERMARKET EURA;61.129870;22.135740
04783;SATAKUNNANKATU 19;EURA;OP EURA;61.130160;22.139755
04408;KÖYLIÖNTIE 1;KÖYLIÖ;OP KÖYLIÖ;61.118401;22.307495
04142;PYHÄJÄRVENTIE 8;SÄKYLÄ;OP SÄKYLÄ;61.046190;22.345710
03983;GALLEN-KALLELANKATU 9;PORI;LÄHI TAPIOLA;61.487140;21.793440
04095;ISOLINNANKATU 18;PORI;K-SUPERMARKET ISOLINNA;61.485256;21.800355
04687;KOLMIOKATU 2;PORI;PICK N PAY PORI;61.497987;21.809204
40066;SILTAPUISTOKATU 14;PORI;PUUVILLA;61.494580;21.799840
04343;YRJÖNKATU 10;PORI;DANSKE PORI;61.486090;21.798040
05097;YRJÖNKATU 14;PORI;ISOKARHU;61.484812;21.797452
04806;YRJÖNKATU 18;PORI;SOKOS PORI;61.483794;21.796945
03984;YRJÖNKATU 22;PORI;OP PORI  BEPOP;61.482930;21.796530
40043;YRJÖNKATU 22;PORI;BEPOP;61.482710;21.796570
05096;KALEVANPUISTO 54;PORI;KÄPPÄRÄN LIIKEKESKUS;61.482923;21.762315
04524;TIKKULANTIE 2;PORI;ABC TIKKULA;61.487580;21.750980
05516;ITÄKESKUKSENKAARI 6;PORI;PRISMA MIKKOLA / ETELÄ;61.453180;21.838930
05517;ITÄKESKUKSENKAARI 6;PORI;PRISMA MIKKOLA / POHJOINEN;61.454250;21.838410
04202;ITÄKESKUKSENKAARI 8;PORI;K-CITYMARKET MIKKOLA;61.453630;21.835600
04527;PRESIDENTINPUISTOKATU 14;PORI;R-KIOSKI PRESIDENTINPUISTOKATU;61.478090;21.802250
05528;SATAKUNNANKATU 23;PORI;K-SUPERMARKET CITY;61.477971;21.789978
04621;HYVELÄNTIE 1;PORI;R-KIOSKI  HYVELÄNTIE;61.499140;21.804180
04978;LUKKARINSANNANTIE 2;PORI;S-MARKET LUKKARINSANTA;61.488375;21.841450
05178;VANHAKOIVISTONTIE 10;PORI;K-SUPERMARKET RUOKAPORI;61.475052;21.822269
05752;FRIITALANTIE 18;ULVILA;HANSA;61.428670;21.875840
05867;RAVANINTIE 1;ULVILA;SALE VANHA ULVILA;61.435610;21.896110
04338;ETELÄVÄYLÄ 2;PORI;PRISMA LÄNSIPORI;61.478040;21.757580
04339;ETELÄVÄYLÄ 2;PORI;PRISMA LÄNSIPORI;61.478040;21.757600
05134;OJURINTIE 2;PORI;LIIKETILA;61.486220;21.745630
04271;HARRY GULLICHSENINTIE 14;PORI;OP PIHLAVA;61.549990;21.593660
03829;KUIVALAHDENTIE 2 B;LUVIA;OP LUVIA;61.360900;21.623980
40134;HARJAVALLANKATU 12;HARJAVALTA;K-SUPERMARKET MYLLY;61.313830;22.146430
04340;HARJAVALLANKATU 13;HARJAVALTA;OP HARJAVALTA;61.314180;22.145554
04099;HARJAVALLANKATU 17;HARJAVALTA;NORDEA HARJAVALTA;61.314930;22.144610
04367;PORINTIE 4;NAKKILA;OP NAKKILA;61.366050;22.003160
05868;FINPYYNTIE 5;NOORMARKKU;K-MARKET OSTERI;61.591701;21.869772
04032;VANHATIE 17;POMARKKU;OP POMARKKU;61.695400;22.011930
04146;KANKAANPÄÄNTIE 2;SIIKAINEN;OP SIIKAINEN;61.877750;21.823070
05706;KAUPPATIE 51;MERIKARVIA;S-MARKET MERIKARVIA;61.859859;21.504841
40125;KARTANONKATU 11;FORSSA;KARTANOKESKUS;60.817100;23.628540
05754;KEITAANKATU 1;FORSSA;NESTE AUTOKEIDAS;60.825734;23.576090
03831;MATKAILIJANKATU 2;FORSSA;ABC FORSSA;60.827081;23.573744
05111;SIBELIUKSENKATU 3;FORSSA;OP FORSSA;60.815067;23.629832
04206;TAPULIKUJA 6;FORSSA;PRISMA FORSSA;60.812040;23.634700
05614;TAPULIKUJA 6;FORSSA;PRISMA FORSSA;60.812190;23.637030
05613;YHTIÖNKATU;FORSSA;K-CITYMARKET KUTOMON KAUPPPAKESKUS;60.810430;23.630170
05854;SIURILANKATU 28;FORSSA;LIIKETILA;60.802740;23.626150
05774;HAKKAPELIITANTIE 5;TAMMELA;S-MARKET TAMMELA;60.807562;23.758874
04154;JOENSUUNTIE 11;SOMERO;OP SOMERO;60.627210;23.516390
05064;JOENSUUNTIE 27;SOMERO;SP SOMERO;60.629630;23.513970
04282;HÄMEENTIE 14;KOSKI TL;POP KOSKI TL;60.654526;23.140497
05668;KESKUSKATU 12;JOKIOINEN;OP JOKIOINEN;60.803640;23.484610
03985;HUMPPILANTIE 11;HUMPPILA;OP HUMPPILA;60.921520;23.363450
05719;KISATIE 2;URJALA;OP URJALA;61.081350;23.549990
05851;KAUPPAKATU 3;PUNKALAIDUN;K-SUPERMARKET POURU;61.113140;23.106100
04982;KURJENMÄENTIE 2;YPÄJÄ;OP YPÄJÄ;60.803502;23.281831
04556;ALEKSIS KIVEN KATU 11;LOIMAA;K-CITYMARKET LOIMAA;60.854469;23.044210
04661;ALEKSIS KIVEN KATU 7;LOIMAA;PRISMA LOIMAA;60.855666;23.046107
40118;KAUPPALANKATU 5-7;LOIMAA;TORIKULMA LOIMAA;60.851900;23.057220
04983;VESIKOSKENKATU 13;LOIMAA;NORDEA LOIMAA;60.851970;23.057870
03939;HIRVIKOSKENTIE 219;LOIMAA;LIIKETILA;60.868210;22.987160
05966;LOIMIJOENTIE 79;ALASTARO;SALE ALASTARO;60.953680;22.863980
04051;YLÄNEENTIE 2;ORIPÄÄ;OP ORIPÄÄ;60.856340;22.696270
04519;SALLILANTIE 49;VAMPULA;OP VAMPULA;61.026468;22.689317
05174;RISTO RYTIN KATU 2;HUITTINEN;HÄRKÄPAKARI;61.174628;22.681284
05015;RISTO RYTIN KATU 37;HUITTINEN;S-MARKET HUITTINEN;61.177112;22.701297
40149;SÄRMÄKATU 1;HUITTINEN;K-SUPERMARKET LAUTTURI;61.178820;22.697910
04161;PÄÄTIE 11;SASTAMALA;APTEEKKI;61.285140;22.697330
40186;HAAPIONKATU 14;KOKEMÄKI;S-MARKET KOKEMÄKI;61.255280;22.348560
05633;HATANPÄÄN VALTATIE 1;TAMPERE;KOSKIKESKUS 2 .KRS;61.496000;23.766960
05634;HATANPÄÄN VALTATIE 1;TAMPERE;KOSKIKESKUS 2 KRS;61.495970;23.766610
40021;HATANPÄÄN VALTATIE 1;TAMPERE;KOSKIKESKUS 1. KRS.;61.495290;23.767930
40189;HÄMEENKATU 12;TAMPERE;OP TAMPERE;61.498298;23.767331
05505;HÄMEENKATU 4;TAMPERE;STOCKMANN / LIUKUPORTAAN VIERESSÄ;61.498518;23.770483
05915;HÄMEENKATU 7;TAMPERE;NORDEA HÄMEENKATU 7;61.498227;23.768942
05780;RAUTATIENKATU 25;TAMPERE;RAUTATIEASEMA / ASEMATUNNELI;61.498388;23.772022
05765;TAMMELAN PUISTOKATU 26;TAMPERE;K-MARKET MESTARI;61.500805;23.779443
40163;TULLIKATU 6;TAMPERE;TULLINTORI / 0-KERROKSEN AULA;61.497330;23.777020
05493;HÄMEENKATU 21;TAMPERE;SOKOS;61.497130;23.757930
05494;HÄMEENKATU 21;TAMPERE;SOKOS;61.497130;23.757860
40025;HÄMEENKATU 22;TAMPERE;NORDEA HÄMEENKATU 22;61.497580;23.756400
04427;KUNINKAANKATU 26;TAMPERE;NORDEA TAMPERE;61.497700;23.757060
05041;KUNINKAANKATU 26;TAMPERE;NORDEA TAMPERE;61.497710;23.757060
04713;ITÄINENKATU 9;TAMPERE;FINLAYSON;61.500954;23.759031
04241;KUNINKAANKATU 22;TAMPERE;KÄVELYKATU;61.498873;23.756534
05778;SATAKUNNANKATU 36;TAMPERE;SALE AMURI;61.499990;23.748010
05469;SÄRKÄNNIEMI;TAMPERE;SÄRKÄNNIEMI / NÄSINNEULAN RAKENNUS;61.504680;23.743590
04734;PISPALAN VALTATIE 133;TAMPERE;EPILÄ;61.508013;23.669504
05841;TESOMANKATU 4;TAMPERE;K-SUPERMARKET LÄNSIPORTTI;61.505220;23.626880
40164;TESOMANKATU 4;TAMPERE;K-SUPERMARKET LÄNSIPORTTI;61.505360;23.626250
04069;HARJUNTAUSTA 7;TAMPERE;K-CITYMARKET LIELAHTI;61.515570;23.667120
05465;HARJUNTAUSTA 7;TAMPERE;K-CITYMARKET LIELAHTI;61.515000;23.666740
04678;POSSIJÄRVENKATU 1;TAMPERE;OP LIELAHTI;61.517720;23.663430
05478;TURVESUONKATU 2;TAMPERE;PRISMA LIELAHTI;61.519468;23.666389
40127;TURVESUONKATU 2;TAMPERE;PRISMA LIELAHTI;61.518600;23.661860
04296;ASEMANTIE 2;YLÖJÄRVI;SALE ASEMANTIE;61.556590;23.595360
05483;ELOTIE 1;YLÖJÄRVI;ELO;61.556500;23.567260
05655;HIITINTIE 1;YLÖJÄRVI;ABC TEIVO;61.531980;23.633820
03830;MIKKOLANTIE 1;YLÖJÄRVI;OP YLÖJÄRVI;61.548820;23.596430
40075;SOPPEENTIE 2;YLÖJÄRVI;NORDEA YLÖJÄRVI;61.549130;23.594820
05670;LÄHDEVAINIONTIE 1;YLÖJÄRVI;S-MARKET YLÖJÄRVI;61.564350;23.594690
04746;ITSENÄISYYDENKATU 17;TAMPERE;NORDEA TAMMELA;61.499065;23.782199
04822;TAMMELAN PUISTOKATU 21;TAMPERE;NESTE TAMMELA;61.503200;23.780110
05499;TEISKONTIE 35;TAMPERE;TAYS /KESKUSSAIRAALA;61.503820;23.817690
04787;SAMMONKATU 17;TAMPERE;NORDEA KALEVA;61.497450;23.798020
05464;SAMMONKATU 60;TAMPERE;S-MARKET KALEVA;61.494279;23.813018
05472;SAMMONKATU 75;TAMPERE;PRISMA KALEVA;61.492110;23.819600
05628;SAMMONKATU 75;TAMPERE;PRISMA KALEVA;61.492110;23.819600
40160;SAMMONKATU 75;TAMPERE;PRISMA KALEVA;61.491150;23.821830
04583;LIIKEKATU 3;TAMPERE;PRISMA LINNAINMAA;61.495680;23.882760
05474;LIIKEKATU 3;TAMPERE;PRISMA LINNAINMAA;61.496240;23.882970
05931;MÄENTAKUSENKATU 1;TAMPERE;K-CITYMARKET LINNAINMAA;61.496426;23.887977
04838;RISTINARKUNTIE 20;TAMPERE;LIIKETILA;61.484190;23.850980
05620;MARTINPOJANKATU 4;TAMPERE;K-CITYMARKET TURTOLA;61.475630;23.840200
05621;MARTINPOJANKATU 4;TAMPERE;K-CITYMARKET TURTOLA;61.475640;23.840200
04242;INSINÖÖRINKATU 11;TAMPERE;NESTE HERVANTA;61.454618;23.846822
05943;INSINÖÖRINKATU 23;TAMPERE;NORDEA HERVANTA/KAUPPAKESKUS;61.450680;23.849850
04740;LINDFORSINKATU 2;TAMPERE;OP HERVANTA;61.450900;23.848520
04248;PIETILÄNKATU 2;TAMPERE;DUO;61.450770;23.852380
40027;PIETILÄNKATU 2;TAMPERE;DUO;61.450860;23.852720
04548;KANGASALANTIE 120;TAMPERE;K-MARKET VEHMAINEN;61.474380;23.918420
05462;VIINIKANKATU 40;TAMPERE;K-SUPERMARKET NEKALAN SUURJAKO;61.479916;23.782519
04775;LEMPÄÄLÄNTIE 21;TAMPERE;PRISMA KOIVISTONKYLÄ;61.467690;23.774790
05489;LEMPÄÄLÄNTIE 21;TAMPERE;PRISMA KOIVISTONKYLÄ;61.467687;23.774793
04360;PELTOLAMMINKATU 40;TAMPERE;SIWA TAMPERE;61.449850;23.752620
05802;TAMPEREENTIE 453;LEMPÄÄLÄ;S-MARKET SÄÄKSJÄRVI;61.415704;23.758840
05908;KENKÄTIE 4;PIRKKALA;S-MARKET PARTOLA;61.469460;23.719260
40124;PALMROTHINTIE 2;PIRKKALA;K-CITYMARKET PARTOLA;61.464970;23.721820
05466;KEISARINVIITTA 2;PIRKKALA;ABC PIRKKALA;61.452919;23.641882
04732;SUUPANTIE 4;PIRKKALA;NORDEA PIRKKALA;61.466030;23.646720
04217;KAUPPATIE 11;KURU;OP KURU;61.878495;23.727128
40205;RUOVEDENTIE 13;RUOVESI;OP RUOVESI;61.985759;24.070391
40195;VIRTAINTIE 28;VIRRAT;K-SUPERMARKET VIRRAT;62.238722;23.773127
04532;VIRTAINTIE 40;VIRRAT;OP VIRRAT;62.242299;23.768767
05282;KESKUSTIE 25;ORIVESI;OP ORIVESI;61.676776;24.357595
40140;KESKUSTIE 32;ORIVESI;NORDEA ORIVESI;61.677170;24.357150
05714;LÄNKIPOHJANTIE 17;LÄNGELMÄKI;LIIKETILA;61.729180;24.788640
04604;KOSKITIE 50;KORKEAKOSKI;OP KORKEAKOSKI;61.797004;24.369761
04985;PUISTOTIE 1;HALLI;OP HALLI;61.860924;24.828047
05880;KAARIKATU 1;VILPPULA;OP VILPPULA;62.022226;24.511854
05099;HALLITUSKATU 23;MÄNTTÄ;DANSKE MÄNTTÄ;62.029250;24.623810
40115;SEPPÄLÄNPUISTOTIE 1;MÄNTTÄ;K-MARKET RUOKAPALETTI;62.030640;24.622380
04155;POSTITIE 3;KOLHO;OP KOLHO;62.138955;24.498858
05341;RUUTANANTIE 869;RUUTANA;K-MARKET RUUTANA;61.527140;24.017220
05443;FINNENTIE 1;KANGASALA;K-SUPERMARKET KANGASALA;61.462333;24.067786
04371;KUOHUNHARJUNTIE 26;KANGASALA;OP KANGASALA;61.462363;24.078154
04577;PUUSEPÄNTIE 31;KANGASALA;S-MARKET KANGASALA;61.468757;24.037866
05883;MÄKIRINTEENTIE 10;KANGASALA;PRISMA KANGASALA;61.474480;23.978900
40138;MÄKIRINTEENTIE 10;KANGASALA;PRISMA KANGASALA;61.475520;23.978950
04407;VATIALANTIE 1;KANGASALA;OP KANGASALA;61.474532;23.944109
05891;ISONIEMENTIE 1;SAHALAHTI;OP SAHALAHTI;61.475800;24.328900
04091;KESKUSTIE 4;PÄLKÄNE;K-SUPERMARKET PÄLKÄNE;61.339700;24.269160
05807;KESKITIE 16;LUOPIOINEN;SP LUOPIOINEN;61.363581;24.657524
04144;KYYNINKATU 22;NOKIA;K-SUPERMARKET LÖYTIS;61.483145;23.512834
40026;PIRKKALAISTORI 1;NOKIA;PIRKKALAISTORIN LIIKEKESKUS;61.477920;23.512300
04796;VÄLIKATU 22;NOKIA;S-MARKET NOKIA;61.478399;23.512828
05919;NUIJAMIESTENTIE 3;NOKIA;LÖYTÖTAVARATALO;61.465716;23.506260
05518;NUIJAMIESTENTIE 5;NOKIA;K-CITYMARKET NOKIA;61.467630;23.508825
05814;PINSIÖNTIE 23;NOKIA;S-MARKET MYLLYHAKA;61.487795;23.494499
05519;ROUNIONKATU 140;NOKIA;ABC KOLMENKULMA;61.501509;23.568163
04244;KESONTIE 2;VESILAHTI;OP VESILAHTI;61.296770;23.638300
05046;KELHONTIE 254;LEMPÄÄLÄ;TEBOIL PIRKANHOVI;61.255354;23.842795
05753;PUISTOKATU 4;LEMPÄÄLÄ;S-MARKET LEMPÄÄLÄ;61.313028;23.758831
05779;TAMPEREENTIE 21;LEMPÄÄLÄ;NORDEA LEMPÄÄLÄ;61.312870;23.752410
04578;TAMPEREENTIE 272;LEMPÄÄLÄ;KULJUNKARTANO;61.380552;23.779563
05485;IDEAPARKINKATU 4;LEMPÄÄLÄ;IDEAPARK;61.362270;23.795100
40064;IDEAPARKINKATU 4;LEMPÄÄLÄ;IDEAPARK;61.360510;23.794780
05870;APIANKATU 3;VALKEAKOSKI;LIIKETILA;61.264290;24.033280
04465;HAKALANTIE 1;VALKEAKOSKI;VALKEAKOSKEN TORIKESKUS;61.268526;24.034604
04139;VALTAKATU 9;VALKEAKOSKI;LIIKEKESKUS KOSKIKARA;61.266820;24.029380
40062;VALTAKATU 9;VALKEAKOSKI;LIIKEKESKUS KOSKIKARA;61.266830;24.028410
05812;LEMPÄÄLÄNTIE 39;VALKEAKOSKI;K-MARKET PEPPERONI;61.277799;24.015408
04494;VALTATIE 18;AKAA;NORDEA TOIJALA;61.166450;23.868030
04364;VALTATIE 8;AKAA;OP TOIJALA;61.168027;23.866616
40095;VALTATIE 8;AKAA;OP TOIJALA;61.167960;23.866550
04843;KESKUSKATU 42;AKAA;OP VIIALA;61.211163;23.766659
04756;PUISTOKATU 12;SASTAMALA;NORDEA SASTAMALA;61.340820;22.910310
04077;PUISTOKATU 2;SASTAMALA;OP VAMMALA;61.342390;22.907819
05874;SORVANKATU 5;SASTAMALA;K-SUPERMARKET SUPERI;61.323919;22.923144
40072;TORIKATU 1;SASTAMALA;TORIKESKUS;61.340535;22.909160
04536;TAITAJANTIE 1;SASTAMALA;ABC KIIKOINEN;61.473736;22.557689
04714;KAUPPAKUJA 1;SASTAMALA;NESTE HÄIJÄÄ;61.499570;23.091410
04585;UOTSOLANTIE 43 A;SASTAMALA;OP MOUHIJÄRVI;61.513510;23.008855
05283;TAMPEREENTIE 5;LAVIA;SALE LAVIA;61.596364;22.587886
04492;ASEMAKATU 1;KANKAANPÄÄ;S-MARKET KANKAANPÄÄ;61.812931;22.375610
04353;KESKUSKATU 39;KANKAANPÄÄ;K-CITYMARKET KANKAANPÄÄ;61.806863;22.388888
05856;KUNINKAANLÄHTEENKATU 4;KANKAANPÄÄ;DANSKE KANKAANPÄÄ;61.803490;22.396720
40110;TORIKATU 11;KANKAANPÄÄ;OP KANKAANPÄÄ;61.805040;22.395670
05276;JÄMIJÄRVENTIE 22;JÄMIJÄRVI;POP JÄMIJÄRVI;61.819890;22.691770
05284;PORHONTIE 1;HONKAJOKI;POP HONKAJOKI;61.993189;22.260539
05918;HÄRKIKUJA 4;HÄMEENKYRÖ;S-MARKET HÄMEENKYRÖ;61.639140;23.195880
04926;VANHA VAASANTIE 1;JULKUJÄRVI;SHELL YLÖJÄRVI;61.566413;23.524352
03814;VALTAKATU 57;KYRÖSKOSKI;NORDEA KYRÖSKOSKI;61.666820;23.179610
40022;KARHOISTENTIE 3;IKAALINEN;KOMPPI / PÄÄAULA;61.756770;23.066040
04629;VANHA TAMPEREENTIE 10;IKAALINEN;OP IKAALINEN;61.770022;23.064652
04778;HUMALANKATU 1;PARKANO;S-MARKET PARKANO;62.006863;23.011023
40129;KESKUSKATU 8;PARKANO;OP PARKANO;62.010470;23.022880
05806;VALKAMATIE 2;KIHNIÖ;OP KIHNIÖ;62.207331;23.178044
03883;KYLÄKARVIANTIE 30;KARVIA;OP KARVIA;62.133330;22.558330
05459;ASEMAKATU 5;JYVÄSKYLÄ;FORUM;62.241970;25.748640
04871;HANNIKAISENKATU 20;JYVÄSKYLÄ;MATKAKESKUS;62.242228;25.755067
05037;KAUPPAKATU 18;JYVÄSKYLÄ;NORDEA JYVÄSKYLÄ;62.241540;25.745270
04442;KAUPPAKATU 22;JYVÄSKYLÄ;OP JYVÄSKYLÄ;62.242360;25.746990
40028;KAUPPAKATU 22;JYVÄSKYLÄ;FORUM;62.242350;25.747240
05446;KAUPPAKATU 24;JYVÄSKYLÄ;SOKOS JYVÄSKYLÄ;62.242715;25.747770
05912;KAUPPAKATU 24;JYVÄSKYLÄ;SOKOS JYVÄSKYLÄ;62.242715;25.747770
05605;PUISTOKATU 2;JYVÄSKYLÄ;KOLMIKULMA;62.244475;25.750582
05955;VAPAAHERRANTIE 2;JYVÄSKYLÄ;TOURULAN PALVELUKESKUS;62.250829;25.768751
05150;VAPAUDENKATU 51;JYVÄSKYLÄ;FORUM;62.241853;25.749673
05226;KOIVUTIE 2;PALOKKA;K-MARKET JÄLKKÄRI;62.288847;25.740321
05822;KOIVUTIE 2;PALOKKA;K-MARKET JÄLKKÄRI;62.288847;25.740321
05533;PALOKANORSI 1;PALOKKA;PRISMA PALOKKA;62.288920;25.716990
40037;PALOKANORSI 1;PALOKKA;PRISMA - LIIKEKESKUS;62.288380;25.716530
05948;SAARIJÄRVENTIE 52;PALOKKA;PALOKAN KAUPPAKESKUS;62.287843;25.715024
03899;AHJOKATU 18;JYVÄSKYLÄ;AHJOKEISARI;62.259698;25.779055
05453;AHJOKATU 7;JYVÄSKYLÄ;PRISMA SEPPÄLÄ / KELLARIKERROS;62.257880;25.778020
05479;AHJOKATU 7;JYVÄSKYLÄ;PRISMA SEPPÄLÄ / PÄÄSISÄÄNKÄYNTI 1 KRS.;62.257880;25.778020
04199;VAPAAHERRANTIE 11;JYVÄSKYLÄ;MINIMANI;62.255020;25.762660
40155;VASARAKATU 29;JYVÄSKYLÄ;K-CITYMARKET SEPPÄLÄ;62.264310;25.776820
05676;NEVAKATU 1;JYVÄSKYLÄ;HUHTAKOTI;62.271352;25.800148
05522;KYLMÄLAHDENTIE 6;JYVÄSKYLÄ;K-CITYMARKET KELJO;62.215980;25.719500
40041;KYLMÄLAHDENTIE 6;JYVÄSKYLÄ;KELJON LIIKEKESKUS;62.215580;25.720350
03731;KYLMÄLAHDENTIE 8;JYVÄSKYLÄ;PRISMA KELJO;62.217180;25.720870
05566;KYLMÄLAHDENTIE 8;JYVÄSKYLÄ;PRISMA KELJO;62.217730;25.720510
05672;SYÖTTÄJÄNKATU 2;JYVÄSKYLÄ;KUOKKALAN LIIKEKESKUS;62.227688;25.773370
05040;KELTINMÄENTIE 13;JYVÄSKYLÄ;S-MARKET KELTINMÄKI;62.228049;25.681315
05956;KAIVOKATU 1;JYVÄSKYLÄ;K-SUPERMARKET LÄNSIVÄYLÄ;62.243520;25.713760
04466;VOIONMAANKATU 7;JYVÄSKYLÄ;K-MARKET RUOKAVINKKI;62.239652;25.729262
05708;ASEMATIE 1;VAAJAKOSKI;S-MARKET VAAJALA;62.248516;25.877320
05816;VAAJAKOSKENTIE 850;VAAJAKOSKI;ABC VAAJAKOSKI;62.230041;25.900326
04975;PARVIAISENTIE 3;SÄYNÄTSALO;LIIKETILA;62.138320;25.766150
04230;SETÄLÄNTIE 2;MUURAME;MUURAMEN KAUPPAKESKUS;62.136430;25.673170
05083;KIRKKOKATU 1;TIKKAKOSKI;LIIKETILA;62.388700;25.646340
04935;LAUKAANTIE 22;LAUKAA;OP LAUKAA;62.414338;25.954131
04698;LIEPEENTIE 9;LIEVESTUORE;LIIKETILA;62.260810;26.195250
03793;KESKUSTIE 36;HANKASALMI;OP HANKASALMI;62.390676;26.435428
04220;TOIVAKANTIE 30;TOIVAKKA;K-MARKET PERÄLÄ;62.095745;26.079475
04044;KORPILAHDENTIE 5;KORPILAHTI;R-KIOSKI KORPILAHTI;62.016040;25.560680
05285;KIRKKOTIE 6;PETÄJÄVESI;OP PETÄJÄVESI;62.255820;25.182720
40136;KESKUSKATU 11;JÄMSÄ;OP JÄMSÄ;61.864780;25.193010
04473;KESKUSKATU 23;JÄMSÄ;K-CITYMARKET JÄMSÄ;61.866586;25.201061
04683;KESKUSKATU 3;JÄMSÄ;NORDEA JÄMSÄ;61.863767;25.189088
04551;KENRAALINTIE 9;JÄMSÄNKOSKI;K-MARKET VILJA;61.919390;25.174120
05286;KESKUSTIE 29 A;MULTIA;OP MULTIA;62.408630;24.796480
04198;JYVÄSKYLÄNTIE 5;KEURUU;ABC KEURUU;62.254490;24.719198
05160;KEURUUNTIE 9;KEURUU;S-MARKET KEURUU;62.258067;24.708407
04603;PIHLAJAVEDENTIE 3;HAAPAMÄKI;OP HAAPAMÄKI;62.252604;24.453758
40131;KAUPPAKATU 3;SAARIJÄRVI;OP SAARIJÄRVI;62.705300;25.259630
05054;TORIKATU 5 A;SAARIJÄRVI;K-SUPERMARKET SAARIJÄRVI;62.707784;25.257934
05277;TORITIE 3 A;KANNONKOSKI;POP KANNONKOSKI;62.977448;25.262187
05684;VIRASTOTIE 8;KARSTULA;OP KARSTULA;62.878874;24.803062
05287;VAASANTIE 2;KYYJÄRVI;PALETTI;63.042880;24.560480
04151;VIRASTOTIE 2;KIVIJÄRVI;OP KIVIJÄRVI;63.128380;25.052960
04562;KESKUSTIE 47;KINNULA;OP KINNULA;63.367966;24.965412
04325;RANNANKYLÄNTIE 11;ÄÄNEKOSKI;ABC HIRVASKANGAS;62.518223;25.690208
04046;TORIKATU 1;ÄÄNEKOSKI;JYSK;62.604083;25.724393
03807;TORIKATU 2;ÄÄNEKOSKI;OP ÄÄNEKOSKI;62.603900;25.725900
40126;TYÖSKINTIE 3;ÄÄNEKOSKI;K-CITYMARKET ÄÄNEKOSKI;62.602870;25.724850
04457;ASEMAKATU 22;SUOLAHTI;K-SUPERMARKET SUOLAHTI;62.563866;25.852156
05288;KAUPPATIE 29;KONNEVESI;POP KONNEVESI;62.627860;26.288560
04968;KAUPPATIE 2;KONGINKANGAS;KONGINKANKAAN OP-LIIKEKESKUS;62.780306;25.806140
03808;PORTHANINTIE 4;VIITASAARI;OP VIITASAARI;63.074150;25.857890
04299;POSTIKUJA 1;VIITASAARI;VIITASAAREN LIIKEKESKUS;63.074095;25.860651
03783;ASEMATIE 14;PIHTIPUDAS;OP PIHTIPUDAS;63.370652;25.575891
05509;HALLITUSKATU 3;KOUVOLA;RAUTATIEASEMA / ASEMAHALLI;60.866804;26.704924
05510;KESKIKATU 2;KOUVOLA;HANSAKESKUS;60.868628;26.701566
05511;KOUVOLANKATU 30;KOUVOLA;K-SUPERMARKET SIPATTI;60.868230;26.708790
40047;TORIKATU 3-5;KOUVOLA;HANSAKESKUS;60.868740;26.700080
04539;TOMMOLANKATU 9;KOUVOLA;PRISMA KOUVOLA;60.870866;26.657298
40055;TOMMOLANKATU 9;KOUVOLA;PRISMA KOUVOLA;60.870870;26.657300
05815;KARTANOKATU 2-6;KOUVOLA;K-SUPERMARKET KANKARO;60.852420;26.695403
04921;MADEKUJA 2;KOUVOLA;R-KIOSKI LEHTOMÄKI;60.887848;26.725543
05922;UTINKATU 65;KOUVOLA;K-SUPERMARKET TORKKARI;60.874539;26.740580
04231;KALEVANTIE 1;VALKEALA;ABC VALKEALA;60.930020;26.800630
05647;LENTOPORTINTIE 3;UTTI;ABC UTTI;60.894580;26.911150
04805;PORVARINPOLKU 9;KORIA;OP KORIA;60.846987;26.603412
05515;SUVIOJANTIE 19;KORIA;ABC KORIA;60.859005;26.568164
04582;KAUPPAKATU 7;KUUSANKOSKI;K-SUPERMARKET KOSKITUULI;60.908223;26.628712
05514;KYMENLAAKSONKATU 2;KUUSANKOSKI;KUUSANKOSKEN OSTOSKESKUS;60.907180;26.625580
05049;VALTAKATU 40;KUUSANKOSKI;LIIKETILA;60.907260;26.622300
05643;TERVASHARJUNKATU 1;KUUSANKOSKI;VETURI;60.876821;26.651298
40143;TERVASHARJUNKATU 1;KUUSANKOSKI;VETURI / CM;60.876820;26.651300
05843;KUPARINTIE 4;VOIKKAA;K-MARKET WOIKANTORI;60.940976;26.621179
03896;VARUSKUNTA-ALUE;VEKARANJÄRVI;VEKARANJÄRVI  SOTILASKOTI;61.115320;26.984510
03976;KESKIKOSKENTIE 3;MYLLYKOSKI;HUONEISTOKESKUS;60.765090;26.786586
04994;PÄÄTIE 20;INKEROINEN;OP INKEROINEN;60.693540;26.840690
05850;ELIMÄENTIE 30;ANJALA;K-MARKET ANJALA;60.688560;26.805390
04358;VANHAMAANTIE 9;ELIMÄKI;OP ELIMÄKI;60.721556;26.447138
03924;IITINTIE 9;KAUSALA;OP KAUSALA;60.888769;26.337279
04096;JAALANTIE 120;JAALA;LIIKETILA;61.049380;26.484770
05327;KAPTEENINKATU 14;KOTKA;POSTI KOTKA;60.463544;26.941077
03730;KIRKKOKATU 30;KOTKA;EUROMARKET KOTKA;60.463482;26.934528
05063;KIRKKOKATU 5;KOTKA;DANSKE KOTKA;60.467685;26.945269
05186;KIRKKOKATU 7;KOTKA;NORDEA KOTKA;60.467050;26.943700
05477;KIRKKOKATU 7;KOTKA;PASAATI;60.466810;26.944280
40133;KIRKKOKATU 7;KOTKA;PASAATI;60.466550;26.944560
04656;KOULUKATU 6 B;KOTKA;K-SUPERMARKET POOKI;60.460232;26.939574
04324;TARINATIE 2;KOTKA;S-MARKET KARHUVUORI;60.483775;26.858671
05039;HAKAMÄENTIE 1;KOTKA;PRISMA KOTKA / ULKONA;60.500940;26.869200
05457;HAKAMÄENTIE 1;KOTKA;PRISMA KOTKA;60.500980;26.869080
40056;HAKAMÄENTIE 1;KOTKA;PRISMA KOTKA;60.500920;26.868280
05543;JUMALNIEMENTIE 8;KOTKA;K-CITYMARKET KOTKA;60.506234;26.915692
05113;KARHULANTIE 30;KOTKA;S-MARKET KARHULA;60.513715;26.933164
05224;KARHULANTIE 36;KOTKA;LIIKETILA;60.514690;26.931620
04392;KARJALANTIE 10;KOTKA;OP KARHULA;60.516405;26.933124
04507;HAMINANTIE 1;KOTKA;ABC AMIRAALI KOTKA;60.542060;26.974740
03758;MALMINSUONTIE 2;SILTAKYLÄ;LIIKETILA;60.496340;26.738300
05082;KAIVOKATU 10;HAMINA;NORDEA HAMINA;60.568323;27.190600
04417;PUISTOKATU 6;HAMINA;OP HAMINA;60.568360;27.191190
05164;SATAMAKATU 11;HAMINA;DANSKE HAMINA;60.568140;27.193420
05124;SIBELIUSKATU 27;HAMINA;K-SUPERMARKET KANUUNA;60.568067;27.188679
40063;SIBELIUSKATU 27;HAMINA;K-SUPERMARKET KANUUNA;60.568310;27.189240
05871;HELSINGINTIE 1;POITSILA;K-MARKET HAMINA;60.563640;27.162520
04082;KESKUSTIE 1;MIEHIKKÄLÄ;MIEHIKKÄLÄN LIIKETALO;60.671220;27.700199
04534;OPINTIE 1;VIROLAHTI;OP VIROLAHTI;60.583570;27.708030
05590;HALLITUSKATU 6;MIKKELI;CARLSON MIKKELI;61.688830;27.269390
05564;MAAHERRANKATU 13;MIKKELI;STELLA MIKKELI;61.688837;27.272633
40080;PORRASSALMENKATU 19;MIKKELI;OP MIKKELI;61.687520;27.274750
04569;PORRASSALMENKATU 23;MIKKELI;NORDEA MIKKELI;61.688360;27.275150
04279;PORRASSALMENKATU 33;MIKKELI;LIIKETILA;61.690450;27.276370
40078;SETRIKATU 2;MIKKELI;SETRI;61.680120;27.269730
05657;HIETAKATU 7;MIKKELI;ABC PITKÄJÄRVI;61.676047;27.245685
04695;SUNTIONKUJA 1;MIKKELI;S-MARKET PEITSARI;61.701430;27.305086
05591;GRAANINTIE 1;MIKKELI;GRAANI;61.686240;27.297880
05592;GRAANINTIE 1;MIKKELI;GRAANI / PRISMA;61.686530;27.298110
03989;VANHAMÄENTIE 1;MIKKELI;S-MARKET RANTAKYLÄ;61.678135;27.202317
04733;OTTO MANNISENTIE 1;KANGASNIEMI;OP KANGASNIEMI;61.989680;26.643420
05058;KESKUSTIE 76;HAUKIVUORI;OP HAUKIVUORI;62.024316;27.206616
40185;PIIKKILÄNTIE 3;JUVA;OP JUVA;61.896986;27.855947
05542;TULOSTIE 1;JUVA;ABC JUVA;61.898018;27.808286
04976;MIKKELINTIE 45;ANTTOLA;K-EXTRA LUONTERI;61.583050;27.649690
04970;KESKUSTIE 4;PUUMALA;SALE PUUMALA;61.520650;28.177940
04348;BRAHENTIE 16;RISTIINA;OP RISTIINA;61.510430;27.248480
04040;HIRVENSALMENTIE 21;HIRVENSALMI;OP HIRVENSALMI;61.640900;26.775269
40196;PENTINPOLKU 1;MÄNTYHARJU;OP MÄNTYHARJU;61.416190;26.880830
05289;LAPPEENRANNANTIE 34 A;SUOMENNIEMI;SEO / KAHVILA SALMENRANTA;61.354390;27.399770
05555;BRAHENKATU 1;LAPPEENRANTA;SOKOS HOTEL LAPPEE;61.056500;28.191080
05169;KAUPPAKATU 29;LAPPEENRANTA;ARMADA;61.059478;28.185256
40054;KAUPPAKATU 40;LAPPEENRANTA;KESKUSTAGALLERIA/NORDEA;61.055551;28.188918
40030;KIRKKOKATU 9;LAPPEENRANTA;OP LAPPEENRANTA;61.059090;28.188470
04940;RATAKATU 31;LAPPEENRANTA;K-MARKET RATAKATU;61.050080;28.198050
04749;VALTAKATU 32;LAPPEENRANTA;OMA SP LAPPEENRANTA;61.058360;28.185720
40119;VILLIMIEHENKATU 3;LAPPEENRANTA;ISO KRISTIINA;61.057510;28.193250
04549;STANDERTSKJÖLDINKATU 6;LAPPEENRANTA;K-SUPERMARKET LEHMUS;61.061114;28.234327
04631;KARJALANTIE 25;LAPPEENRANTA;VIOLET LOUNAS KAHVILA;61.070646;28.262599
03729;KAUPPAKÄYTÄVÄ 6;LAPPEENRANTA;APTEEKKI;61.071586;28.261776
05606;HIRSIMÄENKATU 1;LAPPEENRANTA;ABC VIIPURINPORTTI;61.052542;28.262427
05450;KAAKKOISKAARI 22;LAPPEENRANTA;S-MARKET MYLLY;61.047102;28.209507
05484;TOIKANSUONTIE 4;LAPPEENRANTA;K-CITYMARKET LAPPEENRANTA;61.045288;28.200237
04383;PUHAKANKATU 1;LAPPEENRANTA;TAPULIN LIIKEKESKUS;61.050147;28.174393
05486;PUHAKANKATU 9;LAPPEENRANTA;PRISMA LAPPEERANTA;61.050510;28.178830
05487;PUHAKANKATU 9;LAPPEENRANTA;PRISMA LAPPEENRANTA;61.050500;28.178830
04039;KATAJAKATU 10;LAPPEENRANTA;K-MARKET KOURULA;61.047950;28.132740
04138;ORIONINKATU 2;LAPPEENRANTA;S-MARKET SAMMONLAHTI;61.052226;28.105431
04514;SATAMATIE 30;LAPPEENRANTA;S-MARKET PALLO;61.067402;28.178042
05129;VOISALMENTIE 9;LAPPEENRANTA;K-MARKET VOISALMI;61.078400;28.150060
40130;KESKUSKATU 4;JOUTSENO;K-SUPERMARKET PIRANA;61.117610;28.500780
04956;KESKUSKATU 5;JOUTSENO;LIIKETILA;61.117890;28.500990
05838;LINNALANTIE 51;TAAVETTI;OP TAAVETTI;60.922470;27.568160
04967;UIMINTIE 1;LEMI;OP LEMI;61.061160;27.804120
05921;TORIKATU 6;SAVITAIPALE;OP SAVITAIPALE;61.197600;27.681520
05076;KUHATIE 12-14;SAIMAANHARJU;K-MARKET NIIVA;61.135753;28.101248
40116;KOSKENPARRAS 3;IMATRA;K-SUPERMARKET IMATRANKOSKI;61.171210;28.770210
05196;LAPPEENTIE 9;IMATRA;NORDEA IMATRA;61.171370;28.768330
05623;KARHUMÄENKATU 1;IMATRA;PRISMA IMATRA;61.188220;28.763680
04430;KOSKIKATU 1;IMATRA;KESKUSASEMA;61.194962;28.777436
40167;TIETÄJÄNKATU 2;IMATRA;K-CITYMARKET IMATRA;61.187290;28.770950
04580;ENSONTIE 32;IMATRA;RAJAPATSAS;61.163597;28.801723
05051;TORIKATU 9;IMATRA;VUOKSENNISKAN APTEEKKI;61.225484;28.834729
04382;VUOKSENNISKANTIE 91;IMATRA;LIIKETILA;61.224690;28.832870
03734;RASILANTIE 56;RUOKOLAHTI;OP RUOKOLAHTI;61.292748;28.811980
04350;PANKKIKATU 1;SIMPELE;OP SIMPELE;61.434921;29.355445
04085;OLAVINKATU 57;SAVONLINNA;SOKOS SAVONLINNA;61.870688;28.875825
05789;TULLIPORTINKATU 10;SAVONLINNA;K-CITYMARKET SAVONLINNA;61.867850;28.870350
40086;TULLIPORTINKATU 10;SAVONLINNA;K-CITYMARKET SAVONLINNA;61.868080;28.869910
05759;KAUPPATORI 6;SAVONLINNA;DANSKE SAVONLINNA;61.867690;28.885540
05100;ILOKALLIONKATU 4;SAVONLINNA;PÄÄSKYLAHDEN APTEEKKI;61.869724;28.922338
05945;KULLERVONKATU 1;SAVONLINNA;K-SUPERMARKET  MERTALA;61.864850;28.936620
04529;NOJANMAANTIE 15;SAVONLINNA;PRISMA SAVONLINNA;61.875910;28.949950
05910;AHOLAHDENTIE 8;SAVONLINNA;K-SUPERMARKET EVÄSKELLARI;61.878750;28.816840
04056;ENONKOSKENTIE 12;ENONKOSKI;OP ENONKOSKI;62.089255;28.915812
03736;HÄLVÄNTIE 2;KERIMÄKI;OP KERIMÄKI;61.912720;29.282760
03884;KAUPPATIE 18;PUNKAHARJU;OP PUNKAHARJU;61.757350;29.389140
04691;ALANTEENTIE 38;SULKAVA;K-MARKET WILJAMI;61.787550;28.370190
04037;KYLÄTIE 28;RANTASALMI;OP RANTASALMI;62.064070;28.302330
04349;PARIKKALANTIE 23;PARIKKALA;OP PARIKKALA;61.555780;29.500790
04693;KESÄLAHDENTIE 30 A;KESÄLAHTI;OP KESÄLAHTI;61.892959;29.824596
04284;KAUPPATORI 3;SEINÄJOKI;SOKOS HOTEL VAAKUNA;62.788261;22.839301
40081;KESKUSKATU 9;SEINÄJOKI;OP SEINÄJOKI;62.791110;22.839000
40069;KESKUSTORI 4;SEINÄJOKI;NORDEA SEINÄJOKI;62.790560;22.840020
03825;PUSKANTIE 13;SEINÄJOKI;K-SUPERMARKET SEINÄJOKI;62.791750;22.834500
05824;PÄIVÖLÄNKATU 40;SEINÄJOKI;K-CITYMARKET PÄIVÖLÄ;62.792894;22.872055
04167;TAPIOLANTIE 18;SEINÄJOKI;K-MARKET KYMPPI;62.771008;22.876096
04762;TORITAIVAL 2;SEINÄJOKI;K-MARKET KÄRKI;62.746377;22.858083
03930;VUORITIE 6;SEINÄJOKI;PIKKUKUPOLI / TÖRNÄVÄ;62.769203;22.844158
05858;KOSKENALANTIE 5;SEINÄJOKI;K-MARKET HUHTATORI;62.777259;22.828716
05570;SUUPOHJANTIE 45;SEINÄJOKI;K-CITYMARKET SEINÄJOKI;62.793870;22.811600
05768;SUUPOHJANTIE 45;SEINÄJOKI;K-CITYMARKET SEINÄJOKI;62.793270;22.813150
05532;HYLLYKALLIONTIE 2;HYLLYKALLIO;PRISMA HYLLYKALLIO;62.805780;22.877930
40065;HYLLYKALLIONTIE 2;HYLLYKALLIO;PRISMA HYLLYKALLIO;62.806480;22.878210
05682;KAARRETIE 2;HYLLYKALLIO;LIIKETILA;62.806200;22.880150
04962;VALKIAVUORENTIE 2;NURMO;R-KIOSKI NURMO;62.827820;22.908730
05763;KAUPPATIE 18;ILMAJOKI;NORDEA ILMAJOKI;62.731080;22.579400
40109;KAUPPATIE 7;ILMAJOKI;OP ILMAJOKI;62.732180;22.580750
05857;KESKUSTIE 20;PERÄSEINÄJOKI;K-MARKET VILJAMI;62.559910;23.062750
40204;KESKUSPUISTIKKO 3;KURIKKA;NORDEA KURIKKA;62.615236;22.396966
05290;KESKUSPUISTIKKO 7;KURIKKA;POP KURIKKA;62.616152;22.397693
05968;HAVUSELANTIE 1;KOSKENKORVA;LIIKETILA;62.691140;22.451500
05917;KAUKOLANRAITTI 2;YLISTARO;S-MARKET YLISTARO;62.940301;22.515456
05890;LUKKARINMÄENTIE 2;ISOKYRÖ;POP ISOKYRÖ;63.000658;22.322144
04592;KOSKITIE 21;JALASJÄRVI;K-SUPERMARKET JALASJÄRVI;62.487840;22.751760
05001;PUISTOTIE 70;KAUHAJOKI;K-CITYMARKET KAUHAJOKI;62.432948;22.180080
40151;TOPEEKA 21;KAUHAJOKI;NORDEA KAUHAJOKI;62.424290;22.178770
04650;TOPEEKA 65;KAUHAJOKI;S-MARKET KAUHAJOKI;62.433572;22.183277
40161;KAUPPAKATU 2;LAPUA;NORDEA LAPUA;62.969180;23.008450
05293;KAUPPAKATU 4 C;LAPUA;POP LAPUA;62.968787;23.008735
04086;PUISTOTIE 2;LAPUA;OP LAPUA;62.970488;23.008836
05678;KAUPPATIE 65;KAUHAVA;S-MARKET KAUHAVA;63.098260;23.039590
40212;KAUPPATIE 82;KAUHAVA;K-SUPERMARKET KAUHAVA;63.100061;23.055492
05859;SAHARAVAINIONTIE 1;HÄRMÄ;S-MARKET ALAHÄRMÄ;63.243118;22.847941
05860;VANHA VAASANTIE 1;YLIHÄRMÄ;S-MARKET YLIHÄRMÄ;63.142785;22.794490
04063;JÄÄKÄRINTIE 54;KORTESJÄRVI;SUOMELAN KAUPPAHUONE;63.300926;23.155863
05050;KIRKKOTIE 25;EVIJÄRVI;OP EVIJÄRVI;63.367740;23.478380
05296;MANEESINTIE 4;LAPPAJÄRVI;POP LAPPAJÄRVI;63.217842;23.624607
05889;PATRUUNANTIE 10 A;VIMPELI;K-MARKET VETO;63.159636;23.825675
40197;KESKUSKATU 9;ALAJÄRVI;OP ALAJÄRVI;63.000826;23.815156
04145;KESKUSTIE 36;KUORTANE;OP KUORTANE;62.804070;23.508240
40150;KUULANTIE 2;ALAVUS;OP ALAVUS;62.586460;23.618280
04203;VÄHTÄRINTIE 2;ALAVUS;K-SUPERMARKET ALAVUS;62.586947;23.614486
04394;KIRKONKYLÄNTIE 3;LEHTIMÄKI;OP LEHTIMÄKI;62.817420;23.942756
05876;KESKISENTIE 7;TUURI;OP TUURI;62.602510;23.727610
05567;ONNENTIE 7;TUURI;VELJEKSET KESKINEN;62.603090;23.723620
04346;OSTOLANTIE 15;ÄHTÄRI;OP ÄHTÄRI;62.550367;24.068749
04892;ALAJÄRVENTIE 2;SOINI;OP SOINI;62.873460;24.204660
05310;KAUPPATORI 4;KRISTIINANKAUPUNKI;JOSEFSGÅRDEN;62.274030;21.378740
05232;NÄRPESVÄGEN 8;NÄRPIÖ;K-SUPERMARKET NÄRPIÖ;62.476510;21.338040
05168;RAATIHUONEENKATU 36;KASKINEN;SP KASKINEN;62.385312;21.223579
05279;KAUHAJOENTIE 2;KARIJOKI;POP KARIJOKI;62.309672;21.710485
04981;MIKKILÄNTIE 12;TEUVA;S-MARKET TEUVA;62.487750;21.739290
04247;LUUKKAANTIE 1;ISOJOKI;S-MARKET ISOJOKI;62.111944;21.960163
04728;ALATORI;VAASA;OP VAASA;63.095540;21.617170
04779;ALATORI 3;VAASA;NORDEA VAASA;63.095770;21.617040
05575;HOVIOIKEUDENPUISTIKKO 17;VAASA;K-CITYMARKET VAASA KESKUSTA;63.096776;21.616005
40162;KIVIHAANTIE 14;VAASA;GW GALLERIA;63.111670;21.657930
04218;LAIVAKATU 13;VAASA;MINIMANI;63.103220;21.624110
04996;SEPÄNKYLÄNTIE 3;VAASA;AUTO - BILMAN;63.098665;21.626930
05805;VAASANPUISTIKKO 16;VAASA;AKTIA TORIKONTTORI;63.094820;21.615500
40051;YLÄTORI 2;VAASA;REWELL CENTER, 1. KRS / HENNES JA MAURIZ VASTAPÄÄTÄ;63.095920;21.614570
05188;YLÄTORI 4;VAASA;DANSKE VAASA REWELL 2.KRS;63.095570;21.614730
05671;PALOSAARENTIE 26;VAASA;S-MARKET PALOSAARI;63.109926;21.597571
04496;VÄSTERVIKINTIE 2;VAASA;S-MARKET GERBY;63.134068;21.599462
05673;JUKOLANTIE 1;VAASA;PRISMA VAASA;63.102430;21.647500
05556;KOKKOKALLIONTIE 2;VAASA;K-CITYMARKET KIVIHAKA;63.109630;21.650500
04497;KUNINKAANTIE 69;VAASA;K-SUPERMARKET HUUTONIEMI;63.090436;21.683077
05195;VANHAN VAASAN KATU 19;VAASA;S-MARKET RISTINUMMI;63.086449;21.726044
04626;KIITOKAARI 2;VAASA;ABC VAASA;63.052421;21.720826
05681;SULVANTIE 213;SULVA;AKTIA SULVA;63.012710;21.649250
05899;KESKUSTIE 3;MUSTASAARI;OP MUSTASAARI;63.112301;21.677934
05075;KÖPINGINTIE 10 C;MAALAHTI;OP MALAX;62.944775;21.548481
04308;STRANDVÄGEN 4323;KORSNÄS;KORSNÄS KOMMUNGÅRD;62.786948;21.189109
05866;KAUPPATIE 4;JURVA;K-MARKET KIMARA;62.686330;21.982790
40152;KAUPPATIE 1;LAIHIA;NORDEA LAIHIA;62.979090;22.009590
05297;RUUTINTIE 2;LAIHIA;OP LAIHIA;62.975990;22.011010
05892;LOUKONTIE 6;TERVAJOKI;APTEEKKI;63.004363;22.140001
04215;HEIKKILÄNTIE 1;VÄHÄKYRÖ;K-MARKET HERKKUPATA;63.054440;22.107680
05696;KOIVULAHDENTIE 1;KOIVULAHTI;SP KOIVULAHTI;63.160824;21.841031
05836;VÖYRINTIE 5;VÖYRI;LIIKETILA;63.130000;22.252480
05935;KOKKOLANTIE 75;ORAVAINEN;ABC ORAVAINEN;63.307260;22.384970
03840;SOLLEFTEÅNKATU 9;UUSIKAARLEPYY;OP UUSIKAARLEPYY;63.521780;22.529580
05136;ISOKATU 6;KOKKOLA;OP KOKKOLA;63.836478;23.131279
05154;KAUPPATORI 2;KOKKOLA;MATKA-TEAM;63.839020;23.134900
03929;LAIVANVARUSTAJANKATU 1;KOKKOLA;MINIMANI;63.836545;23.109484
05627;PITKÄNSILLANKATU 17;KOKKOLA;KALLENTORI;63.837803;23.139835
40107;RANTAKATU 2-4;KOKKOLA;CHYDENIA;63.835420;23.133230
04741;RAUTATIENKATU;KOKKOLA;K-SUPERMARKET KOKKOLA;63.835180;23.136370
05094;KATARIINANKATU 29;KOKKOLA;SALE KOKKOLA LEENALA;63.844346;23.116820
05660;HEINOLANKAARI 9;KOKKOLA;K-CITYMARKET KOKKOLA;63.827370;23.155840
05336;HEINOLANKAARI 1;KOKKOLA;ABC KOKKOLA;63.827456;23.152425
05703;PRISMANTIE 1;KOKKOLA;PRISMA KOKKOLA;63.831901;23.124389
04745;MÄNTYNÄÄDÄNKATU 6;KOKKOLA;KOIVUHAAN PALVELUKESKUS;63.826531;23.068275
04401;RAUMANKARINTIE 1;HIMANKA;OP HIMANKA;64.061828;23.654056
04043;LOHTAJANTIE 6 B;LOHTAJA;OP LOHTAJA;64.022951;23.507359
05863;KÄLVIÄNTIE 35;KÄLVIÄ;OP KÄLVIÄ;63.860883;23.415021
04414;KRUUNUPYYNTIE 8;KRUUNUPYY;OP KRUUNUPYY;63.728385;23.033784
04637;KAUPPATORI 2;PIETARSAARI;OP PIETARSAARI;63.674280;22.702640
05911;KOULUKATU 4;PIETARSAARI;PRISMA PIETARSAARI;63.678179;22.716765
40122;KOULUKATU 4;PIETARSAARI;PRISMA PIETARSAARI;63.678180;22.716760
04135;KOULUKATU 6;PIETARSAARI;K-CITYMARKET PIETARSAARI;63.677851;22.713490
05144;RAATIHUONEENKATU 6;PIETARSAARI;K-MARKET PIETARSAARI;63.674422;22.700997
04961;ETELÄINEN TEERIJÄRVENTIE 13;TEERIJÄRVI;OP TEERIJÄRVI;63.544704;23.511418
05861;MOTELLITIE 2;EDSEVÖ;NESTE EDSEVÖ;63.629697;22.842081
03922;VALTAKATU 1;KANNUS;OP KANNUS;63.902420;23.915340
04878;ULLAVANTIE 1;TOHOLAMPI;OP TOHOLAMPI;63.773630;24.249730
05878;KAUSTINTIE 3;KAUSTINEN;OP KAUSTINEN;63.547575;23.693372
05721;KIRKKOTANHUA 1;VETELI;M-MARKET PASSELI;63.479735;23.785715
03974;VEHMASSUONTIE 2;PERHO;OP PERHO;63.212728;24.424745
03732;KAUPPAKATU 22;KUOPIO;SP KUOPIO;62.891630;27.680239
05454;PUIJONKATU 21;KUOPIO;VIHTORI;62.892330;27.679900
04257;PUIJONKATU 25;KUOPIO;OP KUOPIO;62.893120;27.679680
05191;PUIJONKATU 25;KUOPIO;OP KUOPIO;62.893120;27.679680
40042;PUIJONKATU 25;KUOPIO;OP KUOPIO;62.893250;27.679560
04483;SATAMAKATU 36;KUOPIO;K-MARKET MAKASIINI;62.893620;27.692640
03893;AJURINKATU 18;KUOPIO;CARLSON KUOPIO;62.891210;27.675820
05666;HAAPANIEMENKATU 24;KUOPIO;S-MARKET KUOPIO;62.892681;27.676599
05070;HAAPANIEMENKATU 30;KUOPIO;VAKUUTUSYHTIÖ IF;62.893350;27.676630
05957;MAILATIE 2;KUOPIO;R-KIOSKI PUIJONLAAKSO;62.902726;27.649197
05639;PUIJONLAAKSONTIE 2;KUOPIO;KYS/PUIJON SAIRAALA;62.896890;27.651053
05932;PÄIVÄRANNANTIE 18;KUOPIO;K-CITYMARKET PÄIVÄRANTA;62.932281;27.677232
05716;KALEVALANKATU 23;KUOPIO;LIIKETILA;62.900650;27.705230
05954;TEHDASKATU 19;KUOPIO;S-MARKET YKKÖSRASTI;62.880926;27.667450
05764;SAVILAHDENTIE 10;KUOPIO;PRISMA KUOPIO;62.887660;27.632620
40058;SAVILAHDENTIE 10;KUOPIO;PRISMA KUOPIO;62.887710;27.633230
40060;KOLMISOPENTIE 1;KUOPIO;K-CITYMARKET KOLMISOPPI;62.864450;27.612580
05553;KOLMISOPENTIE 3;KUOPIO;KOLMISOPPI, ETELÄINEN SISÄÄNKÄYNTI;62.865250;27.612430
03760;RAUHALAHDENTIE 1;KUOPIO;SHELL LEVÄNEN;62.861880;27.620400
05644;MATKUKSENTIE 60;KUOPIO;MATKUS SHOPPING CENTER;62.823180;27.605000
05569;VITOSTIE 1771;KUOPIO;ABC TERRA;62.658620;27.602298
05712;JALKASENKATU 5;KUOPIO;K-SUPERMARKET PETONEN;62.839453;27.642183
05299;VÄNRIKINTIE 2;VUORELA;POP VUORELA;62.980693;27.702456
05230;KESKUSTIE 20;RIISTAVESI;OP RIISTAVESI;62.913966;28.161135
05300;KESKITIE 26;TUUSNIEMI;OP TUUSNIEMI;62.810580;28.491410
04801;VEHMERSALMENTIE 34;VEHMERSALMI;OP VEHMERSALMI;62.775689;28.014337
04410;MAANINGANTIE 31;MAANINKA;OP MAANINKA;63.154976;27.299394
40059;KUILUNTIE 4;SIILINJÄRVI;S-MARKET SIILINJÄRVI;63.072910;27.660510
05301;KUILUNTIE 5;SIILINJÄRVI;POP SIILINJÄRVI;63.073125;27.659056
03757;TORITIE 12;SIILINJÄRVI;OP SIILINJÄRVI;63.074570;27.658630
04977;TORITIE 4;SIILINJÄRVI;NORDEA SIILINJÄRVI;63.075780;27.661230
04979;KISSAKUUSENTIE 2;KARTTULA;OP KARTTULA;62.894836;26.973011
04049;URHEILUTIE 1;TERVO;OP TERVO;62.954450;26.752850
04313;KESKUSTIE 7;VESANTO;OP VESANTO;62.930579;26.410338
05950;PUISTOTIE 26;PIELAVESI;OP PIELAVESI;63.232350;26.756600
05302;ÄYRÄPÄÄNTIE 1;KEITELE;OP KEITELE;63.179640;26.352420
40209;ASEMATIE 1;LAPINLAHTI;S-MARKET LAPINLAHTI;63.366370;27.391800
03897;LAPINLAHDENTIE 1;VARPAISJÄRVI;OP VARPAISJÄRVI;63.359350;27.755850
40210;NILSIÄNTIE 65;NILSIÄ;OP NILSIÄ;63.203140;28.084800
40211;JUANKOSKENTIE 18;JUANKOSKI;OP JUANKOSKI;63.066210;28.330930
03881;RANTATIE 1;KAAVI;OP KAAVI;62.974758;28.481812
05893;SAVONTIE  17;RAUTAVAARA;SP OPTIA;63.494550;28.297010
05720;MEIJERIKATU 3;IISALMI;TOKMANNI IISALMI;63.563890;27.186560
40087;SATAMAKATU 10;IISALMI;K-SUPERMARKET TORIKULMA;63.555810;27.189750
05951;SAVONKATU 17;IISALMI;OP IISALMI;63.558710;27.189370
05726;PARKATINTIE 2;IISALMI;PRISMA IISALMI;63.574470;27.178850
40077;PARKATINTIE 2;IISALMI;PRISMA IISALMI;63.574570;27.179320
05235;ETELÄNTIE 4;IISALMI;K-CITYMARKET IISALMI;63.550879;27.213814
05304;PETTERINTIE 2;VIEREMÄ;OP YLÄ-SAVO;63.742700;27.002160
03935;RUTAKONTIE 36;SONKAJÄRVI;OP SONKAJÄRVI;63.668120;27.522960
04052;KALLENTIE 2;SUKEVA;LIIKETILA;63.870770;27.432440
05305;TORIKATU 6;KIURUVESI;OP YLÄ-SAVO;63.653100;26.618570
04697;KIRKKOKATU 20;NURMES;LIIKETILA;63.543010;29.137790
04616;POROKYLÄNKATU 19;NURMES;OP NURMES;63.556160;29.107030
40117;POROKYLÄNKATU 19;NURMES;OP NURMES;63.556120;29.106840
04405;KESKUSKATU 38;VALTIMO;OP VALTIMO;63.678459;28.815997
04785;KAAKINMÄENKATU 10;PIEKSÄMÄKI;KONTIOKESKUS;62.303170;27.171150
03827;KAUPPAKATU 2;PIEKSÄMÄKI;OP PIEKSÄMÄKI;62.299937;27.160097
05677;KAUPPAKATU 3;PIEKSÄMÄKI;S-MARKET PIEKSÄMÄKI;62.299748;27.160621
04373;KESKUSKATU 37;PIEKSÄMÄKI;TOKMANNI PIEKSÄMÄKI;62.298600;27.149260
40108;KUKKARONIEMENTIE 3;PIEKSÄMÄKI;K-CITYMARKET PIEKSÄMÄKI;62.303040;27.164220
04263;SEUNALANTIE 2;NAARAJÄRVI;K-MARKET NEILIKKA;62.287679;27.080704
05829;VIRASTOTIE 2;VIRTASALMI;LIIKETILA;62.133930;27.464440
05707;KAUPPATIE 5;JÄPPILÄ;LIIKETILA;62.376400;27.437700
05679;RAUTALAMMINTIE 11;SUONENJOKI;NORDEA SUONENJOKI;62.625910;27.120900
40188;RAUTALAMMINTIE 12;SUONENJOKI;OP SUONENJOKI;62.625970;27.119022
03882;KUOPIONTIE 32;RAUTALAMPI;OP RAUTALAMPI;62.622540;26.831610
05080;KAUPPAKATU 40;VARKAUS;NORDEA VARKAUS;62.315960;27.872550
40073;KAUPPAKATU 54;VARKAUS;OP VARKAUS;62.317030;27.868310
04406;KÄSITYÖKATU 21;VARKAUS;PRISMA VARKAUS;62.317170;27.856100
05571;KÄSITYÖKATU 21;VARKAUS;PRISMA VARKAUS;62.317680;27.855600
04443;RELANDERINKATU 28;VARKAUS;K-CITYMARKET VARKAUS;62.314179;27.871186
05572;KIERTOTIE 2;VARKAUS;NESTE WARKAUDENPORTTI;62.332360;27.830130
04948;AHLSTRÖMINKATU 20;VARKAUS;PÄIVIÖSAARI;62.314747;27.893441
04784;KIEVARINKATU 1;LEPPÄVIRTA;OP LEPPÄVIRTA;62.490930;27.792300
05698;SAVONKATU 43;LEPPÄVIRTA;NORDEA LEPPÄVIRTA;62.491610;27.788510
40074;SAVONKATU 43;LEPPÄVIRTA;S-MARKET LEPPÄVIRTA;62.491490;27.788640
03724;MUTALANTIE 1;JOROINEN;OMA SP JOROINEN;62.179380;27.826810
04219;SUOJALANTIE 2;HEINÄVESI;S-MARKET HEINÄVESI;62.425390;28.630910
05695;KAUPPAKATU 16;JOENSUU;K-CITYMARKET JOENSUU;62.598140;29.758670
05060;KAUPPAKATU 30;JOENSUU;METROPOL;62.602910;29.763100
05964;KOSKIKATU 5;JOENSUU;CARELICUM;62.599872;29.761512
05612;SILTAKATU 10;JOENSUU;ISO MYY;62.601520;29.762790
05125;SUVANTOKATU 21;JOENSUU;K-MARKET SUVANTOKATU;62.600050;29.752680
40029;TORIKATU 25;JOENSUU;ISOMYY/LIUKUPORT.ALLA,NISKAKADUN PUOLI;62.601774;29.763915
05651;VOIMATIE 2;JOENSUU;PRISMA JOENSUU;62.616990;29.778210
05652;VOIMATIE 2;JOENSUU;PRISMA JOENSUU;62.616980;29.778240
40032;VOIMATIE 2;JOENSUU;PRISMA JOENSUU / PÄÄKÄYTÄVÄ;62.616930;29.778590
05965;LINJATIE 2;JOENSUU;K-CITYMARKET PILKKO;62.629040;29.704350
05059;NOLJAKANKAARI 1;JOENSUU;NOLJAKAN OSTOSKESKUS;62.625370;29.693960
04261;PURONSUUNKATU 1 A;JOENSUU;RANTAKYLÄ;62.614610;29.813730
04628;PURONSUUNKATU 1 A;JOENSUU;RANTAKYLÄ;62.614610;29.813710
04208;LASINPUHALTAJANTIE 1;JOENSUU;S-MARKET UTRA;62.619179;29.857831
04662;SUVIKATU 18;JOENSUU;S-MARKET NIINIVAARA;62.589634;29.789706
05190;NIINIVAARANTIE 74;JOENSUU;K-SUPERMARKET EVÄSKONTTI;62.585117;29.794089
05223;KETTUVAARANTIE 32;JOENSUU;K-MARKET POHJANNEITO;62.602930;29.803260
05513;YLÄMYLLYNTIE 77;YLÄMYLLY;SHELL YLÄMYLLY;62.613909;29.542487
05029;RUOTTISENAHONKATU 17;LEHMO;LEHMON LIIKEKESKUS;62.666764;29.796086
05887;KESKUSKATU 14;KONTIOLAHTI;OP KONTIOLAHTI;62.766143;29.847508
04087;NISKANTIE 19;ENO;LIIKETILA;62.799110;30.157610
03742;HARJUNRAITTI 17;UIMAHARJU;LIIKETILA;62.913460;30.253390
40088;PIELISENTIE 23-25;LIEKSA;S-MARKET LIEKSA;63.318420;30.027080
04844;PIELISENTIE 34;LIEKSA;K-CITYMARKET LIEKSA;63.318420;30.023980
04688;PIELISENTIE 9;LIEKSA;OP LIEKSA;63.316503;30.031732
05729;JOENSUUVÄYLÄ 911;HEINÄVAARA;K-MARJUSKA HEINÄVAARA;62.558552;30.175214
04666;LASTAUSTIE 1;HAMMASLAHTI;OP PYHÄSELKÄ;62.432550;29.969950
04283;KINNULANTIE 3;RÄÄKKYLÄ;OP RÄÄKKYLÄ;62.313453;29.625201
04690;KITEENTIE 13;KITEE;NORDEA KITEE;62.097570;30.141340
03739;KITEENTIE 3;KITEE;OP KITEE;62.096780;30.144580
40084;KITEENTIE 6;KITEE;KUPIAINEN;62.097040;30.142860
04332;KAUPPAKATU 4;TOHMAJÄRVI;OP TOHMAJÄRVI;62.224570;30.330230
04160;REKIJOENTIE 3;TUUPOVAARA;OP TUUPOVAARA;62.484980;30.617830
40208;MANTSINTIE 5;ILOMANTSI;OP ILOMANTSI;62.671570;30.931930
04072;KESKUSTIE 3;LIPERI;OP LIPERI;62.530850;29.385680
04038;JOENSUUNTIE;VIINIJÄRVI;OP VIINIJÄRVI;62.641700;29.226653
04331;KUMMUNKATU 5;OUTOKUMPU;OP OUTOKUMPU;62.726010;29.015911
40121;KUMMUNKATU 9;OUTOKUMPU;K-MARKET CITYKUMPU;62.726550;29.014040
40203;POLVIJÄRVENTIE 9;POLVIJÄRVI;OP POLVIJÄRVI;62.855470;29.371440
04424;POIKOLANTIE 2 A;JUUKA;OP JUUKA;63.240260;29.252381
04425;KOLINTIE 10;AHMOVAARA;LIIKETILA;63.094190;29.612310
03975;KAUPPAKATU 11;YLIVIESKA;OP YLIVIESKA;64.074221;24.537002
40104;OLLILANOJANKATU 2;YLIVIESKA;KÄRKKÄINEN;64.063010;24.559970
04754;RAUTATIEKATU 3;YLIVIESKA;DANSKE YLIVIESKA;64.073320;24.538310
04857;SAVARINKATU 2;YLIVIESKA;K-CITYMARKET YLIVIESKA;64.063580;24.551530
04300;SAVARINKATU 9;YLIVIESKA;PRISMA YLIVIESKA;64.062951;24.553176
04781;KALAJOENTIE 36;KALAJOKI;OP KALAJOKI;64.252323;23.954857
40113;MERENOJANTIE 2;KALAJOKI;K-SUPERMARKET KALAJOKI;64.260590;23.950200
03977;KESKUSTIE 7;ALAVIESKA;OP ALAVIESKA;64.167096;24.303936
05307;HAIKOLANTIE 20;SIEVI;POP SIEVI;63.907010;24.519800
40139;KALLIONTIE 20;NIVALA;OP NIVALA;63.929610;24.960700
05725;KALLIONTIE 26;NIVALA;NORDEA NIVALA;63.928760;24.963870
04522;PUISTOKATU 35;HAAPAJÄRVI;OP HAAPAJÄRVI;63.750409;25.319829
40159;STÅLBERGINKATU 1;HAAPAJÄRVI;STOOLPERI;63.751980;25.316100
05280;KIRKKOTIE 8 A;REISJÄRVI;POP REISJÄRVI;63.604760;24.938340
04156;VANHATIE 48;PYHÄJOKI;OP PYHÄJOKI;64.465000;24.259880
04075;KESKUSKATU 7;OULAINEN;OP OULAINEN;64.268059;24.816003
40187;OULAISTENKATU 15;OULAINEN;K-SUPERMARKET OULAINEN;64.268585;24.827858
04100;ASEMATIE 9;VIHANTI;OP VIHANTI;64.486530;24.991330
05705;VANHATIE 48;HAAPAVESI;S-MARKET HAAPAVESI;64.137811;25.363496
04398;VANHATIE 49;HAAPAVESI;OP HAAPAVESI;64.137184;25.364179
05877;FROSTERUKSENKATU 4;KÄRSÄMÄKI;OP KÄRSÄMÄKI;63.978770;25.759420
05864;OLLINTIE 14;PYHÄSALMI;OP PYHÄJÄRVI;63.681990;25.977980
04246;KASARMINKATU 18;KAJAANI;TOKMANNI KAJAANI;64.217920;27.742970
04255;KAUPPAKATU 18;KAJAANI;LIIKETILA;64.225090;27.732880
04250;KAUPPAKATU 30;KAJAANI;S-MARKET KAJAANI;64.226719;27.729326
04942;POHJOLANKATU 9;KAJAANI;K-CITYMARKET KAJAANI;64.222800;27.735190
40101;POHJOLANKATU 9;KAJAANI;K-CITYMARKET KAJAANI;64.222890;27.735350
04140;VETURITIE 1;KAJAANI;PRISMA KAJAANI;64.221317;27.746406
05963;KISATIE 30;KAJAANI;K-MARKET KOMIAHO;64.237265;27.751370
04097;SOIDINKATU 1;KAJAANI;S-MARKET LEHTIKANGAS;64.209348;27.752775
05697;TAIKATIE 4;KAJAANI;ABC KAJAANI;64.218500;27.678485
04137;VUORIMIEHENTIE 2;OTANMÄKI;LIIKETILA;64.113280;27.104080
05089;LEPIKONTIE 19;PALTAMO;OP PALTAMO;64.407660;27.834380
05281;AHOLANTIE 17;RISTIJÄRVI;OP RISTIJÄRVI;64.505374;28.214425
05090;KAINUUNTIE 16;SOTKAMO;NORDEA SOTKAMO;64.130530;28.382530
40112;KAINUUNTIE 22;SOTKAMO;OP SOTKAMO;64.130860;28.385630
05665;HEIKINTIE 1;VUOKATTI;VUOKATIN LIIKEKESKUS;64.140180;28.267580
04133;KOULUKATU 10;KUHMO;OP KUHMO;64.127280;29.523680
04404;MAAHERRANKATU 12;PUOLANKA;OP PUOLANKA;64.867720;27.675640
04166;VIRTATIE 3;HYRYNSALMI;TEBOIL HYRYNSALMI;64.676161;28.491076
04270;KESKUSKATU 3;SUOMUSSALMI;OP SUOMUSSALMI;64.884330;28.910030
05583;HALLITUSKATU 36;OULU;POSTI OULU-10;65.010710;25.481650
40039;ISOKATU 14;OULU;OP OULU ISOKATU;65.012580;25.473820
05646;ISOKATU 33;OULU;K-SUPERMARKET RUOKAHOVI;65.010630;25.471420
03754;ISOKATU 51;OULU;OP YLÄ-SAVO;65.007840;25.467690
05610;KIRKKOKATU 14;OULU;STOCKMANN OULU;65.011484;25.469497
04089;KIRKKOKATU 18;OULU;ROTUAARI;65.010926;25.468667
04739;KIRKKOKATU 21;OULU;PUKUMIES;65.011663;25.470247
40031;KIRKKOKATU 6;OULU;NORDEA KIRKKOKATU;65.013030;25.471750
04640;PAKKAHUONEENKATU 13;OULU;DANSKE OULU;65.012670;25.471800
05641;TEHTAANKATU 1;OULU;SALE RAKSILA;65.010250;25.492360
05554;TEHTAANKATU 3;OULU;PRISMA RAKSILA;65.009940;25.489880
04869;TEHTAANKATU 5;OULU;K-CITYMARKET RAKSILA;65.010290;25.492300
04870;TEHTAANKATU 5;OULU;K-CITYMARKET RAKSILA;65.010280;25.492360
05758;PALJETIE 4;OULU;K-SUPERMARKET JOUTSENSILTA;64.999726;25.476628
04192;LATOKARTANONTIE 1;OULU;HÖYHTYÄN OSTOSKESKUS;64.996820;25.485850
05152;KANGASKONTIONTIE 3;OULU;SALE MAIKKULA;64.982677;25.565922
03795;HIIRIHAUKANTIE 5;OULU;S-MARKET KAUKOVAINIO;64.992297;25.517178
05648;NUOTTASAARENTIE 1;OULU;PRISMA LIMINGANTULLI;64.996160;25.461930
05831;METSOKANKAANTIE 5;OULU;K-CITYMARKET KAAKKURI;64.956900;25.526380
40106;METSOKANKAANTIE 5;OULU;K-CITYMARKET KAAKKURI;64.956870;25.526620
04945;OLLILANTIE 2;KEMPELE;OP KEMPELE;64.912880;25.503790
05692;ZEPPELININTIE 1;KEMPELE;ZEPPELIN;64.902370;25.537380
40156;ZEPPELININTIE 1;KEMPELE;ZEPPELIN/PRISMAN LÄHEISYYDESSÄ;64.901730;25.537370
05920;KARHUOJANTIE 2;OULUNSALO;OULUNSALON KAPTEENI;64.934910;25.402120
05709;LUOVONTIE 138;HAILUOTO;OP HAILUOTO;65.013000;24.729490
05903;VALTATIE 28;OULU;S-MARKET TUIRA;65.025310;25.475330
05904;SATAMATIE 26;OULU;K-SUPERMARKET TOPPILA;65.034480;25.434100
04064;REVONTIE 2;OULU;K-SUPERMARKET VÄLIVAINIO;65.030805;25.470978
40068;RITAHARJUNTIE 49;OULU;IDEAPARK OULU;65.077280;25.448370
05710;MENNINKÄISENTIE 2;OULU;S-MARKET PUOLIVÄLINKANGAS;65.042686;25.479450
04771;KALEVALANKUJA 12;OULU;R-KIOSKI KAIJONHARJU;65.060218;25.486233
05611;KAUPPALINNANKUJA 1;OULU;LINNANMAA;65.054987;25.457143
04600;KOISOTIE 1;OULU;K-MARKET RAJAKYLÄ;65.065058;25.417251
05825;LAAKERITIE 4;OULU;K-CITYMARKET RUSKO;65.039668;25.551716
05645;KARVARINAUKIO 7;OULU;SALE MYLLYOJA;65.019361;25.552492
05718;KISSANKUJA 4;KELLO;S-MARKET KELLO;65.129250;25.357500
40105;REVONTIE 8;HAUKIPUDAS;K-SUPERMARKET HAUKIPUDAS;65.175650;25.348720
04429;VÄLITIE 1;HAUKIPUDAS;S-MARKET REIMARI;65.175661;25.355407
03832;TERVEYSTIE 6;KIIMINKI;OP KIIMINKI;65.129330;25.778310
05804;KESKUSPISTO 1;JÄÄLI;KIIMINGIN LIIKETALO;65.092210;25.689670
05072;HAMINANTIE 4;II;OP II;65.323021;25.377951
05609;SOROSENTIE 2;II;KÄRKKÄINEN EXPRESS;65.288982;25.373030
05924;KARJALANTIE 3;YLI-II;SALE YLI-II;65.372330;25.840140
05292;HARJUTIE 14;YLIKIIMINKI;LIIKETILA;65.030460;26.153280
03828;VALTATIE 30;MUHOS;OP MUHOS;64.806140;25.998710
03890;VANHATIE 35;UTAJÄRVI;OP UTAJÄRVI;64.760760;26.421010
05014;VAALANTIE 19;VAALA;OP VAALA;64.559030;26.837550
04352;VANHATIE 14;TYRNÄVÄ;OP TYRNÄVÄ;64.762879;25.646057
40206;KAUPPAKATU 2;LIMINKA;OP LIMINKA;64.809410;25.416570
04884;LUMIJOENTIE 1228;LUMIJOKI;LIIKETILA;64.836780;25.189430
40082;KIRKKOKATU 34;RAAHE;OP RAAHE;64.684320;24.479560
04273;OLLINKALLIONTIE 2;RAAHE;K-CITYMARKET RAAHE;64.678232;24.487363
03990;PALOKUNNANKATU 37;RAAHE;PRISMA RAAHE;64.684336;24.483754
05826;ANTINKANKAANTIE 32;RAAHE;K-SUPERMARKET KREIVINTORI;64.687120;24.501150
05715;PUISTOTIE 3;PATTIJOKI;K-MARKET PATTIJOKI;64.691690;24.574950
05701;SIIKASAVONTIE 3;RUUKKI;OP RUUKKI;64.665040;25.102360
04790;PAAVOLANTIE 15;RANTSILA;OP RANTSILA;64.506547;25.652795
05095;PULKKILANTIE 17;PULKKILA;OP PULKKILA;64.270940;25.866440
04213;HÄRMÄNTIE 2;KESTILÄ;OP KESTILÄ;64.351616;26.280065
04571;MANUNTIE 2;PYHÄNTÄ;OP PYHÄNTÄ;64.096785;26.331251
04222;SÄHKÖTIE 1;PUDASJÄRVI;K-SUPERMARKET PUDASJÄRVI;65.360582;26.988078
04755;TORITIE 1;PUDASJÄRVI;OP PUDASJÄRVI;65.359138;26.996505
03752;KAUPPATIE 11;TAIVALKOSKI;S-MARKET JOKI-JUSSI;65.575490;28.243050
40071;HUOPARINTIE 1;KUUSAMO;PRISMA KUUSAMO;65.957920;29.160740
04067;KITKANTIE 53;KUUSAMO;HALPA-HALLI JUUSOLA;65.974589;29.177936
04335;KITKANTIE 7;KUUSAMO;OP KUUSAMO;65.965434;29.186898
04530;LUOMANTIE 1;KUUSAMO;KUUSAMON LIIKEKESKUS;65.955830;29.160903
04930;RUKANKYLÄNTIE 8;RUKATUNTURI;RUKA;66.168200;29.138220
05820;ASEMAKATU 1;KEMI;K-CITYMARKET KEMI;65.739901;24.565069
40111;ASEMAKATU 1;KEMI;K-CITYMARKET KEMI;65.739900;24.565070
03979;KAUPPAKATU 6;KEMI;OP KEMI;65.736980;24.566590
04454;KESKUSPUISTOKATU 1;KEMI;S-MARKET KEMI;65.737693;24.560704
03714;TORNIONKATU 17;KEMI;KARIHAARAN KIOSKI;65.759886;24.546653
40201;JOKISUUNTIE 8;KEMINMAA;K-CITYMARKET KEMINMAA;65.792280;24.524240
03738;ROVANIEMENTIE 36 C;KEMINMAA;KEMINMAAN LIIKEKESKUS;65.802520;24.545610
05723;KARJALAHDENKATU 7;KEMI;PRISMA KEMI;65.735088;24.583070
05203;KIVELIÖNKATU 28;KEMI;TAMPEREEN SÄÄSTÖTEX;65.743820;24.589450
04528;OULUNTIE 29;KEMI;K-MARKET MESSI;65.729320;24.603929
05323;VANHATIE 6;SIMO;SALE SIMO;65.661880;25.065740
04031;KESKUSTIE 95;TERVOLA;OP TERVOLA;66.090170;24.810860
03794;HALLITUSKATU 14;TORNIO;OP TORNIO;65.846090;24.149690
04065;LÄNSIRANTA 10;TORNIO;PÅ GRÄNSEN - RAJALLA;65.844150;24.142180
40093;LÄNSIRANTA 10;TORNIO;K-CITYMARKET TORNIO;65.844230;24.141910
03980;KEMINTIE 3;TORNIO;LIIKETILA;65.843370;24.168960
03981;TEOLLISUUSKATU 5;TORNIO;TAMPEREEN SÄÄSTÖTEX;65.843517;24.189475
05713;JOKIVARRENTIE 2455;TORNIO;OP KARUNKI;66.040100;24.019060
05704;ALKKULANRAITTI 52;YLITORNIO;OP YLITORNIO;66.324210;23.675510
04147;KAUPPATIE 38;PELLO;OP PELLO;66.773650;23.971010
04159;JOKIJALANTIE 65;KOLARI;SEPPÄLÄN HONKATUOTE;67.331160;23.778990
04366;TUNTURINTIE 16;ÄKÄSLOMPOLO;JOUNIN KAUPPA;67.604180;24.152300
04939;KOSKIKATU 27;ROVANIEMI;REVONTULI;66.502860;25.722830
05727;LAPINKÄVIJÄNTIE 7;ROVANIEMI;K-SUPERMARKET KAUPPATORI;66.500678;25.716059
04341;KOSKIKATU 12;ROVANIEMI;OP KOSKIKATU;66.502500;25.732870
04931;KOSKIKATU 25;ROVANIEMI;RINTEENKULMA;66.503221;25.726137
40040;KOSKIKATU 25;ROVANIEMI;RINTEENKULMA  1.KRS / ALKOA VASTAPÄÄTÄ LIUKUP. ALLA;66.502320;25.724440
04753;ROVAKATU 23;ROVANIEMI;DANSKE ROVANIEMI;66.501730;25.727440
40085;ROVAKATU 28;ROVANIEMI;SAMPOKESKUS;66.502114;25.728155
03748;ALAKORKALONTIE 22;ROVANIEMI;NESTE REISSUMIES;66.486090;25.656561
05330;VIIRINKANKAANTIE 19;ROVANIEMI;K-MARKET VIIRINKANGAS;66.485068;25.695811
05561;TEOLLISUUSTIE 1;ROVANIEMI;K-SUPERMARKET ETELÄKESKUS;66.491070;25.689690
05562;TEOLLISUUSTIE 2;ROVANIEMI;PRISMA ROVANIEMI;66.492230;25.688290
05563;TEOLLISUUSTIE 2;ROVANIEMI;PRISMA ROVANIEMI;66.492230;25.688360
04647;ERKKILÄNKUJA 4;ROVANIEMI;OUNASVAARAN LIIKEKESKUS;66.498108;25.754082
04933;SAARUANTIE 1;ROVANIEMI;K-MARKET HESSUNTORI;66.487904;25.803875
04238;HILLAPOLKU 9;ROVANIEMI;KORKALOVAARAN SIVUKIRJASTO;66.512102;25.668753
05205;NAPAPIIRINTIE 2;SAARENKYLÄ;ST1  SAARENKYLÄ;66.515764;25.784719
05830;PULKAMONTIE 1;SAARENKYLÄ;K-CITYMARKET SAARENKYLÄ;66.519367;25.753521
05839;KESKUSTIE 1;RANUA;S-MARKET RANUA;65.927880;26.517160
04387;POSIONTIE 44;POSIO;OP POSIO;66.112160;28.160390
40199;VAPAUDENKATU 2;KEMIJÄRVI;NORDEA KEMIJÄRVI;66.713660;27.429800
04566;SEMINAARINKATU 2-4;KEMIJÄRVI;TAMPEREEN SÄÄSTÖTEX;66.720388;27.400344
04080;SODANKYLÄNTIE 2;PELKOSENNIEMI;LIIKETILA;67.108700;27.514710
04370;SAMPERINTIE 4;SAVUKOSKI;OP SAVUKOSKI;67.292620;28.157090
04372;KUUSAMONTIE 4;SALLA;OP SALLA;66.833200;28.668520
05962;VALTATIE 36;KITTILÄ;OP KITTILÄ;67.656130;24.909550
40200;LEVINTIE 1590;SIRKKA;HOTELLI LEVITUNTURI;67.804000;24.799920
03820;PUTHAANRANNANTIE 2;MUONIO;OP MUONIO;67.956030;23.680070
05294;PUISTOMÄENTIE 1;ENONTEKIÖ;OP ENONTEKIÖ;68.384833;23.636458
40191;JÄÄMERENTIE 14;SODANKYLÄ;OP SODANKYLÄ;67.417090;26.593063
04564;JÄÄMERENTIE 8;SODANKYLÄ;S-MARKET SODANKYLÄ;67.415830;26.593045
40192;IVALONTIE 4;IVALO;OP IVALO;68.658920;27.538900
04265;SAARISELÄNTIE 7;SAARISELKÄ;HOLIDAY CLUB SAARISELKÄ;68.419895;27.418414
04266;INARINTIE 45;INARI;INARIN KUUKKELI;68.906260;27.026450
